wetlands: wetlands, 
día: día, 
unédic: unédic, 
pide: pide, piden, 
1,3: 
‘vending’: ‘vending’, 
été: été, 
cancels: cancels, 
controversial: controversial, 
favorezca: favorezca, 
indicadores: indicadores, 
appetite: appetite, 
från: från, 
girling: girling, 
otro: otro, otros, 
whose: whose, 
votes: votes, 
auf: 
paris: paris, parisavtalet, paris-saclay, 
crises: crises, 
tweet: tweet, 
disability: disability, 
worte: worte, 
l’adhesiu: l’adhesiu, 
aus: 
bike: bike, bike-friendly, 
beschuldigen: beschuldigen, 
recycle: recycle, recyclers, 
aux: 
für: für, 
worth: worth, 
neun: neun, neunjähriger, 
alcanzando: alcanzando, 
legislators: legislators, 
risk: risk, risks, 
cavaliers: cavaliers, 
aurora: aurora, 
lehrerin: lehrerin, 
espacial: espacial, 
dels: dels, 
gracias: gracias, 
thriving: thriving, 
pflegen: pflegen, 
affect: affect, affects, 
month: month, months, 
uncoordinated: uncoordinated, 
monkeys: monkeys, 
vast: vast, 
ausgewertet: ausgewertet, 
patricia: patricia, 
school: school, school’s, schoolyard, 
imputadas: imputadas, 
sangre: sangre, 
prize: prize, prizes, 
crops: crops, 
companies: companies, 
solution: solution, solutions, 
haben: haben, 
monsanto: monsanto, 
pruitt: pruitt, pruitt’s, 
dagens: dagens, 
reivindicaciones: reivindicaciones, 
upp: 
methane: methane, 
hora: hora, 
fuera: fuera, 
force: force, forced, 
warns: warns, 
guidelines: guidelines, 
irgendwo: irgendwo, 
chef: chef, chefs, 
second: second, second-largest, 
street: street, 
anjali: anjali, 
agencia: agencia, 
branch.;check: branch.;check, 
shining: shining, 
pander: pander, 
täglich: täglich, 
brexit: brexit, 
tipo: tipo, 
encontrar: encontrar, 
8m: 
ayudarlas: ayudarlas, 
asia: asia, asian, asiatic, 
children: children, children's, children’s, 
blut: blut, blutlache, 
fossil: fossil, fossila, fossil-free, 
toll: toll, toller, 
supplier: supplier, suppliers, 
tips: tips, 
neu: 
ever: ever, every, 
seeks: seeks, 
med: 
kicked: kicked, 
hero: hero, heroes, heroin, heroic, 
froooom: froooom, 
ayuntamiento: ayuntamiento, 
men: 
here: here, here’s, 
meurt: meurt, 
met: 
sustainability: sustainability, 
nicht: nicht, nichts, 
china: china, 
mep: 
mes: 
l’acord: l’acord, 
chaos-tage: chaos-tage, 
revela: revela, revelar, 
activa: activa, 
celebration: celebration, 
darles: darles, 
kids: kids, kids’, 
uplifting: uplifting, 
forum: forum, 
klima: klima, klimatfärdplan, klimatsatsningar, 
study: study, 
precio: precio, 
#yonodisparo: #yonodisparo, 
presunta: presunta, 
museums: museums, 
miljarder: miljarder, 
mentor: mentor, 
permit: permit, permiten, permitido, 
california: california, california’s, 
aka: 
árbol: árbol, 
punjab: punjab, 
missing: missing, 
comité: comité, 
importancia: importancia, 
troba: troba, 
artikel: artikel, 
julie: julie, julier's, 
árbore: árbore, árbores, 
julia: julia, 
replace: replace, 
regulatory: regulatory, 
insta: insta, instant, instability, instalaciones, 
teufel: teufel, 
total: total, totalförbud, 
ciudades: ciudades, 
would: would, 
smelter: smelter, 
afghanistan: afghanistan, 
brewer: brewer, 
situación: situación, 
arms: arms, 
trouvé: trouvé, 
they’re: they’re, 
call: call, calls, calles, called, call’, calling, 
llenan: llenan, 
survive: survive, 
assessment: assessment, 
tell: tell, tellkamp, 
calf: calf, 
strafanzeige: strafanzeige, 
quals: quals, 
holt: holt, 
wars: wars, 
award: award, awarded, 
grief: grief, 
phone: phone, 
warm: warm, warmer, warmest, warming, 
organic: organic, 
hole: hole, 
hure: hure, 
must: must, 
shoot: shoot, shooters, shooting, 
córdoba: córdoba, 
intake: intake, 
flora: flora, 
join: join, joined, joining, 
work: work, works, worked, working, workshops, workplace, work;international, 
refusing: refusing, 
advocacy: advocacy, 
era: 
transparency: transparency, transparencia, 
mr: 
root: root, 
example: example, 
leonhardt: leonhardt, 
give: give, given, gives, giveaways, 
procuradores: procuradores, 
cited: cited, 
preserving: preserving, 
india: india, indian, indians, india’s, 
paparazzi: paparazzi, 
honey: honey, honeybees, 
10,000: 10,000, 
woman: woman, 
sterben: sterben, 
want: want, wants, 
schwächsten: schwächsten, 
times: times, 
rescue: rescue, 
mouvements: mouvements, 
end: 
recovery: recovery, 
weiterhin: weiterhin, 
turn: turn, turns, turned, turning, 
provide: provide, provides, 
travel: travel, 
drying: drying, 
finalist: finalist, finalista, finalistas, 
damage: damage, damages, 
machine: machine, 
how: 
hot: 
gato: gato, gatos, 
cálido: cálido, 
kharif: kharif, 
boats: boats, 
nombre: nombre, 
quoi: quoi, 
renovable: renovable, renovables, 
offshore: offshore, 
arbitrages;28: arbitrages;28, 
mueller: mueller, 
ordförande: ordförande, 
unanimously: unanimously, 
vegana: vegana, 
propone: propone, 
earlier: earlier, 
confirmed: confirmed, 
comparte: comparte, 
calidad: calidad, 
suing: suing, 
law: 
meaningful: meaningful, 
parallel: parallel, 
hayedo: hayedo, 
royce: royce, 
oxides: oxides, 
vance: vance, 
depredación: depredación, 
attempt: attempt, attempting, 
third: third, 
scourge: scourge, 
38th: 38th, 
algunos: algunos, 
befragung: befragung, 
green: green, greener, greening, greenpeace, greenhouse, 
#mesdelosnidos: #mesdelosnidos, 
worst: worst, 
www.selvans.ong: www.selvans.ong, 
operate: operate, 
wind: wind, 
hágase: hágase, 
untold: untold, 
exposición: exposición, 
elevan: elevan, 
agwater: agwater, 
london: london, 
fueros: fueros, 
drawdown: drawdown, 
innovative: innovative, 
strangle: strangle, 
actividad: actividad, 
mayor: mayor, mayoría, mayor’s, 
trama: trama, 
glasboden-effekt: glasboden-effekt, 
mordaza: mordaza, 
imd: 
cerrar: cerrar, 
fix: 
50,000: 50,000, 
better: better, 
despropósito: despropósito, 
nytt: nytt, 
crea: crea, create, creates, creating, creation, 
hidden: hidden, 
fin: 
barata: barata, 
then: then, 
iowa: iowa, 
bans: bans, 
dringliche: dringliche, 
satsningen: satsningen, 
safe: safe, safety, safeguard, safeguards, 
collide: collide, 
break: break, 
forscht: forscht, 
organizados: organizados, 
lavadora: lavadora, 
muskelhemd: muskelhemd, 
bank: bank, banks, banking, 
wenn: wenn, 
30-year: 30-year, 30-year-old, 
meat: meat, 
debut: debut, 
arrested: arrested, 
slavery: slavery, 
victories: victories, 
victory: victory, 
sido: sido, 
acoustic: acoustic, 
meal: meal, 
fernández: fernández, 
bond: bond, 
männer: männer, 
financial: financial, 
liga: liga, 
woes: woes, 
independent: independent, 
series: series, 
espai: espai, 
medier: medier, 
principles: principles, 
january: january, 
celebrating: celebrating, 
trading: trading, 
abwehren: abwehren, 
message: message, 
estima: estima, estimated, 
‘red: ‘red, 
decree: decree, decreed, 
driving: driving, 
rs: 
restricted: restricted, 
waive: waive, 
goa: 
carteles: carteles, 
fellowship: fellowship, 
encourage: encourage, 
‘1m2: ‘1m2, 
adapt: adapt, 
werde: werde, werden, 
got: 
newly: newly, 
eisdecke: eisdecke, 
medicina: medicina, 
gop: 
científicos: científicos, 
unbemerkt: unbemerkt, 
arizona: arizona, 
assaults: assaults, 
barrier: barrier, 
especies: especies, 
surveys: surveys, 
free: free, freetown, 
prince’s: prince’s, 
admits: admits, 
small: small, 
petrochemical: petrochemical, 
management: management, 
vets: vets, 
rain: rain, rains, rainforest, rainforests, 
sufraguen: sufraguen, 
entrar: entrar, 
sensors: sensors, 
widespread: widespread, 
tabasco: tabasco, 
können: können, 
piétonne: piétonne, 
“rhinoceros: “rhinoceros, 
days: days, 
isu: 
ist: 
ministries: ministries, 
att: 
oppose: oppose, 
abeto: abeto, 
moving: moving, 
croatian: croatian, 
footsteps: footsteps, 
enjoy: enjoy, 
tantos: tantos, 
anti-pollution: anti-pollution, 
bloomberg: bloomberg, 
berbahaya: berbahaya, 
gelassen: gelassen, 
movilización: movilización, 
verboten: verboten, 
encouraging: encouraging, 
hamstring: hamstring, 
wash: wash, washington, 
griff: griff, 
another: another, 
drones: drones, 
rats: rats, 
antarctic: antarctic, antarctica, 
electronic: electronic, 
mercury: mercury, mercury-free, 
magnificent: magnificent, 
millionen: millionen, 
aire: aire, 
activities: activities, 
informativo: informativo, 
top: 
à: 
amsterdam: amsterdam, 
attack: attack, attacke, 
tot: 
kinder: kinder, kinder-lungen, 
responsable: responsable, 
combats: combats, 
observations: observations, 
pichón: pichón, 
john: john, 
compromiso: compromiso, 
listen: listen, listening, 
kiwi: kiwi, 
urban: urban, 
collapse: collapse, 
segundo: segundo, 
tool: tool, 
took: took, 
tidepool: tidepool, 
parrikar: parrikar, 
ambiente: ambiente, 
galicia: galicia, 
gretchen: gretchen, 
begins: begins, 
mercy: mercy, 
target: target, targets, targeting, 
hike: hike, 
tree: tree, trees, 
zero: zero, zero-emissions, 
democracia: democracia, 
spending: spending, 
project: project, projects, 
matter: matter, matters, 
aglutinar: aglutinar, 
guilt: guilt, 
hemos: hemos, 
tipping: tipping, 
spaß: spaß, 
relojes: relojes, 
este: este, esteparias, 
‘this: ‘this, 
sees: sees, 
esta: esta, estas, estado, estación, 
rewrite: rewrite, 
ran: 
meseta: meseta, 
modern: modern, 
l’entrada: l’entrada, 
all-time: all-time, 
salvar: salvar, 
affairs: affairs, 
strength: strength, 
devastation: devastation, 
snow: snow, 
voyou: voyou, 
sound: sound, sounds, 
materials: materials, 
hatch: hatch, 
ausbeutung: ausbeutung, 
kremlin: kremlin, 
fiscales: fiscales, 
2015-er: 2015-er, 
negado: negado, 
thrilled: thrilled, 
kurzerhand: kurzerhand, 
victoria: victoria, 
ramblings: ramblings, 
extending: extending, 
100.8: 100.8, 
unha: unha, 
letter: letter, 
organization: organization, organizations, 
phase: phase, 
spearfishermen: spearfishermen, 
maria: maria, mariahilferstraße, 
diésel: diésel, 
70’s: 70’s, 
alumna: alumna, 
pantanos’: pantanos’, 
devastating: devastating, 
doe: 
cambio: cambio, 
tech: tech, technique, 
contraceptives: contraceptives, 
basabose: basabose, 
anti-lead: anti-lead, 
voting: voting, 
ayudaría: ayudaría, 
dot: 
retiro: retiro, 
bair: bair, 
sanctuary: sanctuary, 
bait: bait, 
denanschluss: denanschluss, 
énergies: énergies, 
sage: sage, 
sportives: sportives, 
ending: ending, 
größer: größer, 
radio: radio, radioactive, 
walkout: walkout, 
fungicidas: fungicidas, 
earth: earth, earth’s, earthshare, 
auténtica: auténtica, 
sagt: sagt, 
lessons: lessons, 
och: 
busy: busy, 
hembra: hembra, 
‘spleen’: ‘spleen’, 
o.c.d: o.c.d, 
menu: menu, 
minnesota: minnesota, 
sugar: sugar, 
bush: bush, 
updating: updating, 
rich: rich, richard, 
folks: folks, 
announce: announce, announces, announced, 
instrucción: instrucción, 
oct: 
lacma: lacma, 
executive: executive, 
do: 
transnacionales: transnacionales, 
watch: watch, 
dc: 
coast: coast, coastal, 
amazon: amazon, amazonian, amazon.com, 
prohibición: prohibición, 
report: report, reports, 
poutine: poutine, 
du: 
dr: 
chanel: chanel, 
1clibre: 1clibre, 
país: país, 
increasing: increasing, increasingly, 
bar: 
perros: perros, 
repealing: repealing, 
straw-free: straw-free, 
bay: 
bad: 
reformation: reformation, 
fokus: fokus, 
relativo: relativo, 
ban: 
ears: ears, 
respond: respond, responds, 
ethical: ethical, 
disaster: disaster, disasters, 
fair: fair, 
guerra: guerra, 
alertas: alertas, 
spätere: spätere, 
jahren: jahren, 
zones: zones, 
full: full, fuller, 
fail: fail, fails, failed, failing, failures, 
cambiar: cambiar, 
vacaciones: vacaciones, 
limiting: limiting, 
militaires;42: militaires;42, 
best: best, beste, 
brazil: brazil, 
said: said, 
ambitions: ambitions, 
lots: lots, 
away: away, 
wikipedia: wikipedia, 
marcas: marcas, 
artificial: artificial, 
continent: continent, 
redoutables: redoutables, 
cómo: cómo, 
monnaies: monnaies, 
cooperation: cooperation, 
unconscionable: unconscionable, 
approach: approach, 
discovery: discovery, 
montagne: montagne, 
zbe: 
natura: natura, natural, 
“valle: “valle, 
diese: diese, diesel, dieser, diesel-autos, diesel-fahrverbot, 
vivos: vivos, 
were: were, wereldwijd, 
exterminando: exterminando, 
oms: 
miljö: miljö, miljöpartiet, miljöpartiets, 
wear: wear, 
russie: russie, 
news: news, news;no, news;ldf, news;1.5c, news;with, newsletter, news;should, news;victory, news;keeping, news;leonardo, 
rapporteur: rapporteur, 
improve: improve, improved, 
foes: foes, 
protect: protect, protected, protection, protecting, 
uns: 
sanitation: sanitation, 
triggers: triggers, 
fault: fault, 
defra: defra, 
drudgery: drudgery, 
première: première, 
negative: negative, 
und: 
une: 
vw-kunden: vw-kunden, 
asked: asked, 
litros: litros, 
mercurio: mercurio, 
clavero: clavero, 
sullivan: sullivan, 
irresponsible: irresponsible, 
uttar: uttar, 
canyon: canyon, 
territorio: territorio, territories, 
felicidad: felicidad, 
exclusively: exclusively, 
trust: trust, 
conference: conference, conferencia, 
hornbills: hornbills, 
belize: belize, belizensis, 
dangereux: dangereux, 
puts: puts, 
bleaching—remains: bleaching—remains, 
union: union, 
#defundtarsands: #defundtarsands, 
cofrentes: cofrentes, 
sachs: sachs, 
been: been, 
milieu: milieu, 
ripollès: ripollès, 
commission: commission, 
kramnik: kramnik, 
bees: bees, 
bengaluru: bengaluru, 
connexió: connexió, 
dozens: dozens, 
ann: 
convocada: convocada, 
website: website, 
life: life, lifetimes, life-threatening, 
families: families, 
pueden: pueden, 
wehret: wehret, 
alleingang: alleingang, 
gobierno: gobierno, gobiernos, 
newman's: newman's, 
chile: chile, chile's, 
xxi: 
xxl: 
applied: applied, 
has: 
bekämpfen: bekämpfen, 
ravinder: ravinder, 
‘mindfulness’: ‘mindfulness’, 
appelliert: appelliert, 
servic: servic, services, 
vikander: vikander, 
economies: economies, 
air: 
aim: 
dept: dept, 
alimentación: alimentación, 
parched: parched, 
inneren: inneren, 
aid: 
35th: 35th, 
ríos: ríos, 
‘courtesy: ‘courtesy, 
remembering: remembering, 
mexico: mexico, 
defeated: defeated, 
afforestation: afforestation, 
rwanda's: rwanda's, 
im: 
mujer: mujer, mujeres, 
seattle: seattle, 
gedenkens: gedenkens, 
self-inflicted: self-inflicted, 
hong: hong, 
tóxicos: tóxicos, 
defienden: defienden, 
perform: perform, performances, 
propuesta: propuesta, 
make: make, makes, 
càmping: càmping, 
construye: construye, 
reclaman: reclaman, 
afrin: afrin, 
envenenados: envenenados, 
bottled: bottled, 
unión: unión, 
cross-country: cross-country, 
several: several, 
confronting: confronting, 
couple: couple, 
combatir: combatir, 
catholic: catholic, 
swell: swell, 
misery: misery, 
rail: rail, rail-trails, 
solicitudes: solicitudes, 
jetzt: jetzt, 
hand: hand, handcarts, handschlag, handicapées, 
incremento: incremento, 
nix: 
antworten: antworten, 
kim: 
patagonia: patagonia, 
pioneers: pioneers, 
srinagar: srinagar, 
opportunity: opportunity, opportunities, 
carcharocles: carcharocles, 
médicos: médicos, 
espacios: espacios, 
thy: 
campo: campo, 
castellón: castellón, 
matemática: matemática, matemático, 
ocean: ocean, oceans, oceana, oceanografía, 
dimon: dimon, 
gekommen: gekommen, 
neuwagen: neuwagen, 
client: client, 
mother: mother, 
fourmis: fourmis, 
corporate: corporate, 
epa: 
ambiental: ambiental, 
sprechen: sprechen, 
lasst: lasst, 
just: just, justice, 
ornitológico: ornitológico, 
¿cómo: ¿cómo, 
maduros: maduros, 
newton: newton, 
proposes: proposes, 
rostros: rostros, 
thanks: thanks, 
human: human, humano, humanos, 
facts: facts, 
feuerwehr: feuerwehr, 
hai: 
campaign: campaign, campaigner, campaigners, 
han: 
så: 
bnp: 
emphasis: emphasis, 
l’option: l’option, 
l’arbitrage: l’arbitrage, 
coloca: coloca, 
board: board, board-level, 
easy: easy, 
prison: prison, 
#exxonknew: #exxonknew, 
@rebeccarhelm: @rebeccarhelm, 
east: east, 
hat: 
turismos: turismos, 
turquoise: turquoise, 
graders: graders, 
ashore: ashore, 
unter: unter, unterscheiden, 
low-income: low-income, 
gove: gove, governor, government, 
survival: survival, 
possible: possible, 
narwhals: narwhals, 
apus: apus, 
birth: birth, birthday, 
judge: judge, 
cape: cape, 
sinnliche: sinnliche, 
l’agenda: l’agenda, 
melting: melting, 
kommunstyrelsens: kommunstyrelsens, 
etats-unis: etats-unis, 
gift: gift, gifts, 
bündnis: bündnis, 
logements: logements, 
unnecessary: unnecessary, 
sirius: sirius, 
begehren: begehren, 
madhya: madhya, 
e-waste: e-waste, 
offices: offices, 
security: security, 
hund: hund, hunde, 
toros: toros, 
attorney: attorney, 
right: right, rights, 
old: 
deal: deal, 
people: people, peoples’, 
understand: understand, 
crown: crown, 
catalunya: catalunya, 
dead: dead, deadly, deadline, deadliest, deadly.’, 
born: born, borneo, 
wwf: 
meters: meters, 
election: election, elections, 
dear: dear, 
harassment: harassment, 
woodcock: woodcock, 
denier: denier, 
ich: 
l’écologie: l’écologie, 
gasoil: gasoil, 
scholz: scholz, 
ice: 
rhino: rhino, rhinoceros, 
elaboración: elaboración, 
gouvernement: gouvernement, 
hicieron: hicieron, 
lluvias: lluvias, 
associatifs;26: associatifs;26, 
dolce: dolce, 
bold: bold, 
queda: queda, 
aumento: aumento, 
burn: burn, burning, 
spielzeug: spielzeug, 
defensive: defensive, 
losing: losing, 
post: post, posts, postnote, postcode, post-2020, 
super: super, supera, superhero, supercomputer, superbildschirm, 
emits: emits, 
zur: 
transcends: transcends, 
difícil: difícil, 
violencia: violencia, 
coral: coral, corales, 
tiburón: tiburón, 
paralizar: paralizar, 
implicar: implicar, 
ensure: ensure, 
anfängen: anfängen, 
refuerza: refuerza, 
mismo: mismo, 
commit: commit, commits, committee, committees, commitments, 
efforts: efforts, 
palestinians: palestinians, 
sept: sept, 
rädern: rädern, 
zum: 
période: période, 
managers: managers, 
formerly: formerly, 
civil: civil, civilisational, 
pétrolières: pétrolières, 
som: 
son: 
técnica: técnica, 
lies: lies, 
ecology: ecology, 
bats: bats, 
honored: honored, 
reservoirs: reservoirs, 
reducing: reducing, 
côte: côte, 
facilita: facilita, 
severely: severely, 
viajes: viajes, 
crowd: crowd, 
support: support, supporter, supporting, 
constantly: constantly, 
sunlight: sunlight, 
fight: fight, fights, fighting, 
lago: lago, 
editor: editor, 
way: 
was: 
war: 
outlining: outlining, 
happy: happy, 
head: head, headline, 
reunión: reunión, 
offer: offer, offers, offered, offering, offerings, 
fascination: fascination, 
forming: forming, 
‘plot’: ‘plot’, 
mysterious: mysterious, 
heat: heat, 
seguir: seguir, seguirán, 
hear: hear, heartthrob, 
solar: solar, 
‘jellyballing’: ‘jellyballing’, 
perreras: perreras, 
emboldened: emboldened, 
oberweite: oberweite, 
attached: attached, 
maximum: maximum, 
krieg: krieg, 
angst: angst, 
gemacht: gemacht, 
economic: economic, economics, 
pest: pest, pests, pesticide, pesticidas, pesticides, 
lays: lays, 
regeringen: regeringen, regeringens, 
inslee: inslee, 
mountain: mountain, 
average: average, 
wichtiger: wichtiger, 
underwater: underwater, 
recupera: recupera, recuperación, 
molt: molt, 
hungry: hungry, 
kogler: kogler, 
guatemala: guatemala, 
petition: petition, 
check: check, 
radically: radically, 
engines: engines, 
guinean: guinean, 
dying: dying, 
valuing: valuing, 
möta: möta, 
ne: 
topped: topped, 
verletzte: verletzte, 
flood: flood, floods, flooding, 
role: role, 
digital: digital, digitaliseringens, 
test: test, testigos, testé…, 
täuscher: täuscher, 
kenyan: kenyan, 
roll: roll, rolls, rollkoffer, 
picture: picture, pictures, 
asociación: asociación, 
mineiro: mineiro, 
muxía: muxía, 
vegades: vegades, 
irma: irma, 
foyers: foyers, 
surprise: surprise, 
welcome: welcome, 
ávidos: ávidos, 
rodal: rodal, 
selbstzerstörung: selbstzerstörung, 
journey: journey, 
impuestos: impuestos, 
russe: russe, 
sätta: sätta, 
died: died, 
alianza: alianza, 
jones: jones, 
rénovation: rénovation, 
noviembre: noviembre, 
longer: longer, 
logro: logro, 
quandary: quandary, 
together: together, 
lazarus: lazarus, 
serious: serious, 
selbstfahrendem: selbstfahrendem, 
neighbors: neighbors, 
broke: broke, 
corps: corps, 
diplomacy: diplomacy, 
alaska's: alaska's, 
global: global, globalisierung, 
catalogados: catalogados, 
focus: focus, focused, focuses, 
roy: 
dañar: dañar, 
battle: battle, 
emisiones: emisiones, 
bomber: bomber, 
midst: midst, 
row: 
macht: macht, machte, 
tarnac: tarnac, 
depend: depend, 
comunidad: comunidad, comunidades, 
vathana: vathana, 
certification: certification, 
extremadamente: extremadamente, 
environment: environment, environments, environmental, environment;international, 
charge: charge, 
favourite: favourite, 
vec: 
preservado: preservado, 
oversight: oversight, 
volunteers: volunteers, 
aronjans: aronjans, 
brown: brown, brown-colored, 
ecológico: ecológico, 
impulsado: impulsado, 
español: español, españolas, 
embark: embark, 
mf: 
jpmorgan: jpmorgan, 
tanks: tanks, 
russia's: russia's, 
organización: organización, organizaciones, organización/empresa, 
trouble: trouble, 
blast: blast, 
‘both: ‘both, 
selber: selber, 
level: level, levels, 
did: 
die: 
gualinga: gualinga, 
democrat: democrat, 
dic: 
leave: leave, 
agefiph: agefiph, 
¡compensanatura: ¡compensanatura, 
madrileña: madrileña, 
baixes: baixes, 
gut: 
lever: lever, 
dip: 
compradores: compradores, 
dis: 
prevent: prevent, prevention, preventing, 
revolution: revolution, 
says: says, 
envenenamientos: envenenamientos, 
sign: sign, signs, signature, 
cost: cost, costa, costs, 
aumenta: aumenta, aumentar, 
cargo: cargo, 
bevakade: bevakade, 
adds: adds, 
croft: croft, 
subscriptions: subscriptions, 
contamina: contamina, contaminants, contaminated, contamination, contaminantes, contaminación, 
lhasa: lhasa, 
suelos: suelos, 
goes: goes, 
entender: entender, 
boost: boost, boosts, 
enfermedad: enfermedad, 
explosion: explosion, 
enfermos: enfermos, 
honour: honour, 
unregulated: unregulated, 
french: french, 
water: water, waters, waterways, waterbirds, 
snack: snack, 
baseball: baseball, 
address: address, addressing, 
change: change, changes, 
grüne: grüne, grünes, 
box: 
längeren: längeren, 
instituto: instituto, 
yemen: yemen, 
battling: battling, 
institute: institute, 
tajuña: tajuña, 
alte: alte, 
mumbai: mumbai, 
desbordaría: desbordaría, 
exploitation: exploitation, 
bon: 
provocado: provocado, 
bevor: bevor, 
love: love, 
análisis: análisis, 
algoritmos: algoritmos, 
semana: semana, semanas, 
forefront: forefront, 
carol: carol, 
ecofeminista: ecofeminista, 
pradesh: pradesh, 
l’empoisonnement: l’empoisonnement, 
wealth: wealth, 
prove: prove, proveedores, 
actuación: actuación, 
große: große, großen, 
visit: visit, 
nadie: nadie, 
france: france, 
mitad: mitad, 
vivir: vivir, 
prey: prey, 
konnte: konnte, 
peru: peru, peruíbe, peru’s, 
chapter: chapter, chapters, 
sharing: sharing, 
primaveras: primaveras, 
club: club, 
oregon: oregon, oregon’s, 
letzte: letzte, 
visual: visual, 
cautious: cautious, 
emitting: emitting, 
socioecológicos: socioecológicos, 
geteiltes: geteiltes, 
osprey: osprey, 
capturing: capturing, 
involve: involve, involved, 
sheds: sheds, 
gestern: gestern, 
tokyo: tokyo, 
car: 
originally: originally, 
abortion: abortion, 
recalé;8: recalé;8, 
sous: sous, 
can: 
cam: 
gelingt: gelingt, 
isn’t: isn’t, 
ferry: ferry, 
fauna: fauna, 
ascel: ascel, 
feature: feature, 
social: social, sociale, social-good, 
ihre: ihre, ihren, 
crazy: crazy, 
reconquête: reconquête, 
trump: trump, trump's, trump’s, trump-berater, 
corazón: corazón, 
noch: noch, 
construir: construir, 
suprimirá: suprimirá, 
confused: confused, 
grootste: grootste, 
topic: topic, 
“white: “white, 
council: council, councilor, 
quoll: quoll, quolls, 
empoderando: empoderando, 
conflict: conflict, conflictos, 
winter: winter, wintery, 
24,537: 24,537, 
divided: divided, 
berühmte: berühmte, 
almacenar: almacenar, 
write: write, writes, 
crumbling: crumbling, 
vital: vital, 
botanist: botanist, 
pure: pure, 
elephant: elephant, elephants, 
l’ex-agent: l’ex-agent, 
nyc: 
speaks: speaks, 
economy: economy, 
über: über, übers, 
product: product, productos, production, productive, productivos, 
mar: 
anzug: anzug, 
informe: informe, informed, 
may: 
sacrifice: sacrifice, 
maz: 
taurinos: taurinos, 
deforestation: deforestation, 
vencejo: vencejo, vencejos, 
4th: 
maritime: maritime, 
hombre: hombre, hombres, 
improving: improving, 
för: för, förslag, förbjuda, fördubbla, fördubblat, 
leva: leva, levante, 
data: data, data-visualization, 
grow: grow, grown, growth, growing, 
man: 
nabu/birdlife: nabu/birdlife, 
ajenas: ajenas, 
surfing: surfing, 
través: través, 
kong's: kong's, 
su: 
downsizes: downsizes, 
outpouring: outpouring, 
colonia: colonia, 
umweltgifte: umweltgifte, 
sc: 
sa: 
talk: talk, talks, 
cécile: cécile, 
cute: cute, 
lsd: 
sabían: sabían, 
canberra: canberra, 
alarmglocke: alarmglocke, 
midnight: midnight, 
immer: immer, 
cuts: cuts, 
3.000: 3.000, 
cold: cold, 
still: still, 
apes: apes, 
group: group, groups, group's, groups​, 
monitor: monitor, monitored, 
apex: apex, 
proposed: proposed, 
amazing: amazing, 
coordinates: coordinates, 
aviv: aviv, 
ethiopia: ethiopia, 
félix: félix, 
museo: museo, 
África: África, 
policy: policy, 
main: main, mainly, 
decades: decades, 
feats: feats, 
marzo: marzo, 
halt: halt, 
retailer: retailer, retailers, 
100,000: 100,000, 
killer: killer, 
nation: nation, nations, nation's, national, nationwide, nation’s, 
toxic: toxic, 
flint: flint, 
half: half, 
incuba: incuba, incubar, 
now: 
killed: killed, 
belagert: belagert, 
dude’s: dude’s, 
name: name, named, 
stabilize: stabilize, 
kupka: kupka, 
deutschland: deutschland, 
xarxa: xarxa, 
comisión: comisión, 
possibilities: possibilities, 
bursts: bursts, 
rock: rock, rocks, rock?”, 
entirely: entirely, 
turtle: turtle, 
nrdc: nrdc, 
rodríguez: rodríguez, 
prompted: prompted, 
analizarán: analizarán, 
ee: 
glawischnig: glawischnig, 
apiarists: apiarists, 
curveball: curveball, 
year: year, years, year-end, year’s, 
eu: 
et: 
happen: happen, happened, 
es: 
er: 
canada: canada, canada's, 
living: living, 
diseñados: diseñados, 
sebastian: sebastian, 
shadowing: shadowing, 
tensions: tensions, 
información: información, 
zinke: zinke, zinke’s, 
increase: increase, increased, 
bailout: bailout, 
pamela: pamela, 
emerged: emerged, 
long-fought: long-fought, 
glissement: glissement, 
ámbito: ámbito, 
monster: monster, 
tienen: tienen, 
huevos: huevos, 
ibas: ibas, 
incentives: incentives, 
guidestar: guidestar, 
oasis: oasis, 
bayer: bayer, bayer-monsanto, 
plea: plea, pleads, pleasure, 
sitges: sitges, 
quits: quits, 
scarred: scarred, 
marine: marine, 
envenenar: envenenar, 
care: care, careers, 
training: training, 
quemado: quemado, 
außer: außer, 
monsignor: monsignor, 
caruana: caruana, 
forecast: forecast, 
british: british, 
thing: thing, things, 
place: place, placed, places, 
“limpieza”: “limpieza”, 
routes: routes, 
comunicación: comunicación, 
think: think, thinks, thinktank, 
first: first, first-time, 
saving: saving, 
xl: 
oroya: oroya, 
troposférico: troposférico, 
ong: 
befreit: befreit, 
reopen: reopen, 
pm2.5: pm2.5, 
procedimiento: procedimiento, 
anti-oppression: anti-oppression, 
president: president, presidential, president’s, 
ring: ring, 
político: político, 
open: open, 
samarbeten: samarbeten, 
millions: millions, 
city: city, 
otero: otero, 
negocio: negocio, 
officials: officials, 
silent: silent, 
district: district, 
llegar: llegar, llegaron, 
hawksbills: hawksbills, 
plastic: plastic, 
conservation: conservation, conservationist, conservationists, 
draft: draft, 
1d: 
lobbyists: lobbyists, 
beklagt: beklagt, 
implicaciones: implicaciones, 
mining: mining, 
advierte: advierte, 
uninformed: uninformed, 
surges: surges, 
alan: alan, 
diputados: diputados, 
silvestre: silvestre, 
baja: baja, bajas, 
beslutet: beslutet, 
colectivos: colectivos, 
freunden: freunden, 
furtivos: furtivos, 
population: population, 
chamartín: chamartín, 
rugged: rugged, 
obtient: obtient, 
sailing: sailing, 
drivmedel: drivmedel, 
optimism: optimism, 
sechs: sechs, 
future: future, 
wins: wins, 
futuro: futuro, 
sophie: sophie, 
bravery: bravery, 
‘snuggle’: ‘snuggle’, 
tractor: tractor, tractorada-manifestación, 
published: published, 
t’a: t’a, 
sah: 
alles: alles, 
mecenas: mecenas, 
pro: 
premier: premier, premiers, 
seabirds: seabirds, 
scorecard: scorecard, 
say: 
adele: adele, 
ans: 
anger: anger, 
allem: allem, allemands, 
saw: 
any: 
kevin: kevin, 
childbearing: childbearing, 
prèvia: prèvia, 
castor: castor, 
renewing: renewing, 
warriors: warriors, 
manifestación: manifestación, 
hotspot: hotspot, 
fußgängerbrücke: fußgängerbrücke, 
note: note, 
endangered: endangered, 
ideal: ideal, 
take: take, takes, taken, 
online: online, 
destroy: destroy, destroys, destroying, 
mayer: mayer, 
political: political, 
q&a: 
urge: urge, urged, urges, 
sure: sure, 
multiple: multiple, 
underserved: underserved, 
continúan: continúan, 
track: track, tracks, tracked, 
invasions: invasions, 
price: price, 
bahnfahrer: bahnfahrer, 
sehr: sehr, 
prehistórico: prehistórico, 
donation: donation, donations, 
wire: wire, 
cualquier: cualquier, 
remarks: remarks, 
soluciones: soluciones, 
america: america, american, america's, americans, america’, america’s, 
på: 
vishwa: vishwa, 
overwhelming: overwhelming, overwhelmingly, 
forever: forever, 
digno: digno, 
seafood: seafood, 
proud: proud, 
drive: drive, 
federal: federal, 
trafficking: trafficking, 
ecoloxistas: ecoloxistas, 
atlantic: atlantic, 
senior: senior, 
abraham: abraham, 
licht: licht, 
laws: laws, lawsuit, 
banause: banause, 
claves: claves, 
show: show, shows, 
lotus: lotus, 
derechos: derechos, 
riester: riester, 
riqueza: riqueza, 
discovered: discovered, 
end-permian: end-permian, 
zepa: zepa, 
hormonados: hormonados, 
hace: hace, hacer, hacemos, 
estos: estos, 
menacées: menacées, 
ground: ground, 
enthusiast: enthusiast, 
boundaries: boundaries, 
slow: slow, 
aplicación: aplicación, 
gordofobia: gordofobia, 
treasure: treasure, 
atropellados: atropellados, 
tears: tears, 
going: going, 
black: black, blackouts, 
sierra: sierra, 
wechsel: wechsel, 
awareness: awareness, 
predict: predict, 
kxl: 
get: 
contracts: contracts, 
merkel: merkel, 
crude: crude, 
comarca: comarca, 
progress: progress, progressive, 
gov’t: gov’t, 
celebrate: celebrate, celebrates, 
fiscalía: fiscalía, 
artist: artist, artistic, 
malaysian: malaysian, 
lektionen: lektionen, 
morning: morning, 
digèrent: digèrent, 
convocatoria: convocatoria, 
miles: miles, 
fainter: fainter, 
flamingos: flamingos, 
traces’: traces’, 
liveable: liveable, 
vision: vision, 
declared: declared, 
åtgärder: åtgärder, 
“what: “what, 
seas: seas, season, seascapes, 
violated: violated, 
plataforma: plataforma, 
climático: climático, 
seal: seal, 
pebble: pebble, 
peso: peso, 
diver: diver, 
wonder: wonder, 
bedreiging: bedreiging, 
untapped: untapped, 
ways: ways, 
harvey: harvey, 
review: review, 
knoxville: knoxville, 
label: label, 
weapons: weapons, 
enough: enough, 
bureau: bureau, 
pirámides: pirámides, 
“health: “health, 
teens: teens, 
choctaw-wyandotte: choctaw-wyandotte, 
tuy: 
infrastructure: infrastructure, 
jobs: jobs, 
august: august, augustin, 
dinero: dinero, 
killing: killing, 
blame: blame, 
cáncer: cáncer, 
cartílago: cartílago, 
tun: 
halcón: halcón, 
kg/ha: kg/ha, 
cities: cities, 
come: come, comes, comedy, 
pixels: pixels, 
sarampión: sarampión, 
warhol: warhol, 
penguins: penguins, 
rugby: rugby, 
talented: talented, 
resides: resides, 
many: many, 
cars: cars, 
hypocrisy: hypocrisy, 
1:32: 1:32, 
mapama: mapama, 
tour: tour, touro, tourists, 
tous: tous, 
år: 
sereivathana: sereivathana, 
senator: senator, senators, 
puelo: puelo, 
mann: mann, 
snuggle: snuggle, 
prux: prux, 
cancer: cancer, 
overview: overview, 
declaració: declaració, declaración, 
dispatch: dispatch, 
werner: werner, 
approval: approval, 
poll: poll, polluter, polluted, polluters, pollution, polluting, polluants, pollutants, pollinators, pollution-free, pollinator-toxic, pollution-linked, pollinator-killing, pollution—crossing, 
considers: considers, 
caring: caring, 
sensible: sensible, 
geil: geil, 
cycling: cycling, cycling-friendly, 
unfall: unfall, 
west: west, western, 
creó: creó, 
oder: oder, 
mark: mark, marks, market, marking, 
triunfo: triunfo, 
punished: punished, 
eco-friendly: eco-friendly, 
mars: mars, 
​ending: ​ending, 
concejales: concejales, 
qué: qué, 
viele: viele, 
‘the: ‘the, 
enable: enable, 
saldría: saldría, 
reimburse: reimburse, 
valor: valor, 
l’environnement: l’environnement, 
wounds: wounds, 
tiger: tiger, tigers, 
photos: photos, 
dramatic: dramatic, 
wake: wake, 
bridgestone's: bridgestone's, 
entlarvt: entlarvt, 
sticky: sticky, 
those: those, 
continuamos: continuamos, 
case: case, cases, 
verdadeiro: verdadeiro, 
casa: casa, 
50k: 
todeskampf: todeskampf, 
these: these, 
sauce: sauce, 
caso: caso, casos, 
iniciado: iniciado, 
engineering: engineering, 
premature: premature, 
trick: trick, 
policies: policies, 
frohardt: frohardt, 
dispara: dispara, 
französischen: französischen, 
anula: anula, 
buen: buen, buena, 
ein: 
zonas: zonas, 
schwingt: schwingt, 
cemex: cemex, 
soil: soil, 
reignited: reignited, 
tiny: tiny, 
clutter: clutter, 
sois: sois, 
consulta: consulta, consultation, 
hens: hens, henson, 
bags: bags, 
par: 
pas: 
develop: develop, developing, development, 
medio: medio, medioambiental, 
media: media, 
anschlag: anschlag, 
siberian: siberian, 
trip: trip, trips, triple, triptico, 
food: food, food;farming, 
inquiry: inquiry, 
hecho: hecho, 
sides’: sides’, 
struggling: struggling, 
7.000: 7.000, 
todos: todos, 
week: week, weeks, weeklong, week’s, 
barbed: barbed, 
putin: putin, 
migration: migration, 
nest: nest, 
foam: foam, 
cheers: cheers, 
running: running, 
disadvantaged: disadvantaged, 
upheaval: upheaval, 
steuern: steuern, 
apéro: apéro, 
tradition: tradition, traditional, 
renewable: renewable, renewables, 
agrícola: agrícola, 
plötzlich: plötzlich, 
l’université: l’université, 
volcanoes: volcanoes, 
pennsylvania: pennsylvania, 
radiactivas: radiactivas, 
solve: solve, solved, 
immeasurable: immeasurable, 
fixing: fixing, 
model: model, 
gdp: 
neighborhood: neighborhood, 
outdoor: outdoor, outdoors, 
amadriña: amadriña, 
being: being, 
money: money, 
valuable: valuable, 
ngos: ngos, 
zweifelsfrei: zweifelsfrei, 
d’ivoire: d’ivoire, 
cease: cease, 
cambodia: cambodia, cambodia's, cambodia’s, 
touch: touch, 
man-made: man-made, 
blow: blow, 
rover: rover, 
death: death, deaths, death’, 
macron;124: macron;124, 
euros: euros, 
geological: geological, 
it’s: it’s, 
extensivo: extensivo, 
basins: basins, 
rosy: rosy, 
emissions: emissions, 
republic: republic, republicans, 
besetzt: besetzt, 
extensiva: extensiva, 
real: real, reales, realmente, real-life, 
hemsley: hemsley, 
desaparición: desaparición, 
puedan: puedan, 
kills: kills, 
read: read, ready, reading, 
crustaceans: crustaceans, 
delhi: delhi, delhi’s, 
neuen: neuen, 
virginia: virginia, 
mot: 
dark: dark, 
department: department, department’s, 
seres: seres, 
grid: grid, 
geschlossen: geschlossen, 
nyungwe: nyungwe, 
world: world, world's, world’s, worldwide, world-first, 
recommends: recommends, 
aiming: aiming, 
blankets: blankets, 
darf: darf, 
suma: suma, suman, 
haarsprayfrisur: haarsprayfrisur, 
‘perfect: ‘perfect, 
masangoni: masangoni, 
erosion: erosion, 
2014-15: 2014-15, 
conducts: conducts, 
colapsaría: colapsaría, 
rachael: rachael, 
befragenden: befragenden, 
neuronal: neuronal, 
brytning: brytning, 
tower: tower, towering, 
fanal: fanal, 
govt’s: govt’s, 
exposed: exposed, 
madrid: madrid, 
cementerio: cementerio, 
lebanon: lebanon, 
divestment: divestment, 
derogue: derogue, 
exposes: exposes, 
magma: magma, 
rekonstruktion: rekonstruktion, 
confronts: confronts, 
images: images, 
pretenden: pretenden, 
racial: racial, 
reasons: reasons, 
besser: besser, 
caribbean: caribbean, caribbean”, 
riesenschritt: riesenschritt, 
sucht: sucht, 
haryana: haryana, 
patrimonio: patrimonio, 
iberdrola: iberdrola, 
footing: footing, 
legal: legal, 
graeme: graeme, 
d’uber: d’uber, 
är: 
protección: protección, 
máis: máis, 
restoring: restoring, 
predators: predators, 
process: process, 
fehlende: fehlende, 
power: power, power;equals, power-utility, 
seo/birdlife: seo/birdlife, 
ejemplarizante: ejemplarizante, 
seine: seine, 
communicate: communicate, communicators, communication, 
update: update, updates, 
sports: sports, 
transfusiones: transfusiones, 
tercer: tercer, 
exciting: exciting, 
throw: throw, 
beaches: beaches, 
om: 
ol: 
ok: 
ace: 
nafta: nafta, 
island: island, islands, islandia, 
industry: industry, industry’s, 
sri: 
favorite: favorite, 
constituidos: constituidos, 
panna: panna, 
acs: 
wolf: wolf, wolfe, 
stand: stand, standard, standing, standards, 
act: 
renales: renales, 
ré-inscrivons: ré-inscrivons, 
road: road, 
skagit: skagit, 
porsche: porsche, 
protests: protests, 
flawed: flawed, 
ganado: ganado, 
scores: scores, 
semaine: semaine, 
león: león, 
rising: rising, 
protesta: protesta, protestan, protestaremos, 
einstein: einstein, 
elementary: elementary, 
pivot: pivot, 
d’action: d’action, 
pullman: pullman, 
après: après, 
tropical: tropical, 
trasplantes: trasplantes, 
“el: “el, 
area: area, areas, 
there: there, 
hazards: hazards, 
cats: cats, 
racist: racist, 
structure: structure, 
valencia: valencia, valenciana, valenciano, 
península: península, 
energy: energy, energy-conservation, 
»;vidéo;8: »;vidéo;8, 
höchstgericht: höchstgericht, 
ago: 
dormir: dormir, 
cultiv: cultiv, 
sacrificio: sacrificio, 
fünf: fünf, 
acre: acre, 
gibt: gibt, 
mich: mich, michael, 
rechnen: rechnen, 
organiser: organiser, 
proposal: proposal, proposals, 
buying: buying, 
they're: they're, 
hire: hire, 
schickt: schickt, 
flavia: flavia, 
cassidy: cassidy, 
festhalten: festhalten, 
agree: agree, agreed, agreement, 
congestion: congestion, 
expect: expect, expected, 
required: required, 
ag: 
taste: taste, 
resolving: resolving, 
am: 
sales: sales, 
mundo: mundo, 
ap: 
britain: britain, 
reliability: reliability, 
au: 
falsche: falsche, 
av: 
territory: territory, 
she’s: she’s, 
film: film, films, filmkritiker, 
again: again, 
managing: managing, 
commuter: commuter, 
shortages: shortages, 
abolish: abolish, 
field: field, 
summit: summit, 
cría: cría, 
trash: trash, trash-free, 
immunity: immunity, 
pedir: pedir, 
poor: poor, poorer, 
polar: polar, 
50x50: 50x50, 
congress: congress, congressman, congresswoman, 
muere: muere, 
arbeitnehmer: arbeitnehmer, 
sait-on: sait-on, 
uno-charta: uno-charta, 
important: important, importante, importantes, 
utmaningar: utmaningar, 
condena: condena, 
reroute: reroute, 
chris: chris, 
equitable: equitable, 
grupo: grupo, 
building: building, buildings, 
thematic: thematic, 
2017's: 2017's, 
remote: remote, 
assets: assets, 
invest: invest, investor, investing, investment, investments, investigado, investigate, investigará, investigating, investissement, 
cientos: cientos, 
ampliación: ampliación, 
kommuner: kommuner, 
ensuring: ensuring, 
mass: mass, massive, massifier, 
adam: adam, 
recognising: recognising, 
benicarló: benicarló, 
oral: oral, 
all: 
celebrado: celebrado, 
forget: forget, 
grassroots: grassroots, 
fuente: fuente, 
caucus’: caucus’, 
lack: lack, lacks, lacking, 
dollar: dollar, 
vill: vill, village, villages, 
unrest: unrest, 
welfare: welfare, 
dish: dish, 
follow: follow, 
revealed: revealed, 
als: 
apartment: apartment, 
remarkable: remarkable, 
hunting: hunting, 
icons: icons, 
bosque: bosque, bosques, 
tu: 
anti-semitic: anti-semitic, 
effigy: effigy, 
program: program, programs, programme, programming, 
captivity: captivity, 
kündigen: kündigen, 
longtime: longtime, 
mpg: 
liter: liter, 
incorporate: incorporate, 
worse: worse, 
blumenauer: blumenauer, 
beracun: beracun, 
resistance: resistance, 
projet: projet, 
mahnung: mahnung, 
fan: 
fall: fall, falls, 
scapegoats: scapegoats, 
winning: winning, 
glückliches: glückliches, 
uwe: 
alien: alien, 
echolocation: echolocation, 
sverige: sverige, 
miljoner: miljoner, 
comunitat: comunitat, 
murkowski: murkowski, 
conocimiento: conocimiento, 
laying: laying, 
humedales: humedales, 
syndrome”—not: syndrome”—not, 
saudi: saudi, 
asiste: asiste, 
meses: meses, 
lisa: lisa, 
tribal: tribal, 
reunimos: reunimos, 
vanquish: vanquish, 
fauteuil: fauteuil, 
tel: 
explorador: explorador, 
höjs: höjs, 
manifiesta: manifiesta, manifiestan, 
torsdagen: torsdagen, 
rate: rate, 
design: design, designing, 
lawyer: lawyer, 
pass: pass, passes, passed, passage, 
further: further, 
propios: propios, 
teu: 
tertinggal: tertinggal, 
ohne: ohne, 
abundant: abundant, abundantes, 
portland: portland, 
clock: clock, 
común: común, 
scorching: scorching, 
‘regenerative’: ‘regenerative’, 
decision-makers: decision-makers, 
anniversary: anniversary, 
white-winged: white-winged, 
sus: 
sur: 
destinado: destinado, 
public: public, 
región: región, 
vamos: vamos, 
outgoing: outgoing, 
x”: x”, 
malaria: malaria, 
hochbegabten: hochbegabten, 
empower: empower, empowering, 
hours: hours, 
découvrez: découvrez, 
pública: pública, 
disastrous: disastrous, 
operating: operating, 
kronor: kronor, 
situation: situation, 
protocolos: protocolos, 
basuraleza: basuraleza, 
november: november, 
strong: strong, stronger, 
público: público, públicos, 
apoiamos: apoiamos, 
stellt: stellt, 
tortoise: tortoise, 
jardín: jardín, 
coruña: coruña, 
inspired: inspired, 
compliance: compliance, 
experience: experience, experiences, experiencia, 
spotlight: spotlight, 
evitar: evitar, 
airport: airport, 
durch: durch, durchbricht, 
pick: pick, picks, 
action: action, actions, 
mentions: mentions, 
options: options, 
vif: 
family: family, 
selvans: selvans, 
transit: transit, transition, 
manohar: manohar, 
africa: africa, africa’s, 
curar: curar, 
stöd: stöd, 
batidas: batidas, 
ask: 
yavatmal: yavatmal, 
extinction: extinction, extinctions, 
spawned: spawned, 
sobrevive: sobrevive, 
beginning: beginning, 
destination: destination, 
resident: resident, residents, 
‘toxins: ‘toxins, 
prioritario: prioritario, 
despilfarrados: despilfarrados, 
mejorar: mejorar, 
trabajo: trabajo, 
basquaise: basquaise, 
israel: israel, israelis, israel’s, 
company: company, company’s, 
dièsel: dièsel, 
hörsaal: hörsaal, 
albatross: albatross, 
unstable: unstable, 
fahrzeiten: fahrzeiten, 
dior: dior, 
vías: vías, 
krill: krill, 
town: town, towns, town—in, 
none: none, 
vladimir: vladimir, 
müssen: müssen, 
science: science, science-based, 
der: 
des: 
longstanding: longstanding, 
dem: 
den: 
learn: learn, 
knocked: knocked, 
dec: 
shirin-yoku: shirin-yoku, 
history: history, 
shark: shark, sharks, 
challenging: challenging, 
prompting: prompting, 
share: share, shares, 
accept: accept, accepting, 
horchler: horchler, 
sense: sense, 
mehr: mehr, 
species: species, 
simple: simple, 
huge: huge, 
genervt: genervt, 
csn: 
court: court, 
belfodil: belfodil, 
spaaaaaace: spaaaaaace, 
acts: acts, 
reject: reject, rejects, 
explains: explains, 
vietnam: vietnam, 
erstmal: erstmal, 
monte: monte, montes, 
threat: threat, threats, threaten, threatens, threatened, 
viene: viene, vienen, 
privatschulen: privatschulen, 
advice: advice, 
sneak: sneak, 
spieltags: spieltags, 
vulnera: vulnera, 
brands: brands, brandstifter, 
blood: blood, 
ethics: ethics, 
‘wacky’: ‘wacky’, 
lanka: lanka, 
dreimal: dreimal, 
fascinating: fascinating, 
allergisch: allergisch, 
kein: kein, 
deluge: deluge, 
‘needed: ‘needed, 
scammed: scammed, 
author: author, authority, 
dentro: dentro, 
coal: coal, coalition, 
responsibility: responsibility, 
shade: shade, 
pay: 
unsterblichkeit: unsterblichkeit, 
doppelte: doppelte, 
ceres: ceres, 
help: help, helps, helped, helping, 
don't: don't, 
krebssterblichkeit: krebssterblichkeit, 
zealand's: zealand's, 
mission: mission, 
göra: göra, 
trade: trade, trades, trade;in, trade;global, 
held: held, 
wiener: wiener, 
paper: paper, 
scott: scott, 
recuerdos: recuerdos, 
pretext: pretext, 
shorebirds: shorebirds, 
islam: islam, 
gestreckt: gestreckt, 
siglo: siglo, siglos, 
movilidad: movilidad, 
buscan: buscan, 
solving: solving, 
late: late, later, latest, 
​leading: ​leading, 
alls: alls, 
buscar: buscar, 
release: release, releases, released, 
might: might, 
colleague: colleague, 
time’s: time’s, 
gmos: gmos, 
good: good, good—and, 
return: return, returned, 
salamanca: salamanca, 
seeking: seeking, 
ceo: 
cen: 
number: number, numbers, 
miedo: miedo, 
icymi: icymi, 
weeds: weeds, 
communities: communities, 
denuncia: denuncia, denuncian, 
iranians: iranians, 
association: association, 
primatologist: primatologist, 
castilla: castilla, 
viñedo: viñedo, 
hails: hails, 
cyanotypes: cyanotypes, 
degradation: degradation, 
emeten: emeten, 
12th: 12th, 
monsoon: monsoon, 
found: found, foundation, 
acuario: acuario, 
gratulation: gratulation, 
disappearing: disappearing, 
heavy: heavy, 
status: status, 
harm: harm, harmony, 
documentary: documentary, 
flufftail: flufftail, 
house: house, household, 
fish: fish, fishing, fisheries, 
hard: hard, harder, 
reduce: reduce, 
jeffrey: jeffrey, 
schwester: schwester, 
maires: maires, 
toda: toda, todas, today, 
oil: 
idex: idex, 
fewer: fewer, 
squishy: squishy, 
quantum: quantum, 
blues: blues, 
cemented: cemented, 
täter: täter, 
event: event, events, events.;find, 
somos: somos, 
rentner: rentner, 
poachers: poachers, 
permès: permès, 
10.000: 10.000, 
asociada: asociada, 
research: research, researchers, 
overpopulation: overpopulation, 
misses: misses, 
muñoz: muñoz, 
health: health, healthy, health’s, 
hill: hill, 
salish: salish, 
issue: issue, issued, issues, 
arctic: arctic, 
rajsamand: rajsamand, 
aprobaron: aprobaron, 
discriminate: discriminate, discrimination, 
dirt: dirt, dirty, dirtiest, 
g.o.p: g.o.p, 
team: team, teams, team's, team,’, 
vegetarianas: vegetarianas, 
permeten: permeten, 
dire: dire, direct, directo, director, direction, 
put: 
embalses: embalses, 
ash: 
pasado: pasado, 
uni-abschlüsse: uni-abschlüsse, 
navegando: navegando, 
pairs: pairs, 
benefits: benefits, 
launch: launch, launches, launched, launching, 
daily’: daily’, 
computers: computers, 
terrible: terrible, 
voor: voor, 
juzgado: juzgado, 
e.u: 
deja: deja, dejan, 
syria: syria, 
adelantan: adelantan, 
raptors: raptors, 
top-elf: top-elf, 
feed: feed, 
logistics: logistics, 
major: major, majority, 
engagement: engagement, 
energía: energía, energías, 
nach: nach, nacht, 
31-year-old: 31-year-old, 
waged: waged, 
feet: feet, feet’, 
cada: cada, 
done: done, 
notify: notify, 
changing: changing, 
épisodes: épisodes, 
‘you: ‘you, 
story: story, 
pensiones: pensiones, 
equo: equo, 
avec: avec, 
gestionar: gestionar, 
p&r-gruppe: p&r-gruppe, 
doomsday: doomsday, 
contre: contre, 
aves: aves, 
stora: stora, 
destruction: destruction, 
jen: 
seamos: seamos, 
gps: 
efectos: efectos, 
barbastelle: barbastelle, 
campaña: campaña, 
jamie: jamie, 
park: park, parks, 
américa: américa, 
kitchen: kitchen, 
verfassungsgerichtshof: verfassungsgerichtshof, verfassungsrichterinnen, 
part: part, parte, partida, partido, partits, partner, partners, partridge, partnering, partnership, particulares, participativo, 
rifle: rifle, 
norms: norms, 
keeeelp: keeeelp, 
believe: believe, 
rampant: rampant, 
nigeria: nigeria, nigeria’s, 
noticias: noticias, 
ganó: ganó, 
situado: situado, 
mortality: mortality, 
double: double, 
maltrato: maltrato, 
dans: dans, 
aims: aims, 
youth: youth, 
contrary: contrary, 
ecuador: ecuador, 
dana: dana, 
imports: imports, 
ecologists: ecologists, ecologistes, ecologistas, 
evaluase: evaluase, 
trabajar: trabajar, trabajará, 
pedestrian: pedestrian, 
gala: gala, galapagos, 
oriola: oriola, 
poulet: poulet, 
confirms: confirms, 
orders: orders, 
impulsar: impulsar, 
sell: sell, 
lie: 
u.s: 
emami: emami, 
procurement: procurement, 
blanca: blanca, 
private: private, 
distemper: distemper, 
also: also, 
pasar: pasar, 
ibex: ibex, 
donor: donor, donors, 
u.k: 
gym: 
multiplient;41: multiplient;41, 
nivel: nivel, niveles, 
play: play, 
hotel: hotel, hotels, 
kritisiert: kritisiert, kritisierte, 
electric: electric, electricity, 
huhn: huhn, 
procedentes: procedentes, 
eggs: eggs, 
tráfico: tráfico, 
salmon: salmon, 
auge: auge, 
cyclists: cyclists, 
bistånd: bistånd, 
most: most, mostrando, most-populous, 
virus: virus, 
plan: plan, plant, plans, plants, planet, planes, planned, planeta, planteamie, 
watt: watt, 
mangrove: mangrove, 
oppedal: oppedal, 
approved: approved, 
oyster: oyster, oysters, 
won’t: won’t, 
recogida: recogida, 
clear: clear, 
incendios: incendios, 
cover: cover, covers, covering, 
hyena: hyena, 
#selvans: #selvans, 
reflections: reflections, 
clean: clean, cleanup, clean-up, cleanest, cleaning, 
bundessprechers: bundessprechers, 
gabe: gabe, 
unseres: unseres, 
unserer: unserer, 
phenomenon: phenomenon, 
gold: gold, goldman, goldman-sachs-banker, 
Österreichs: Österreichs, 
silenciadas: silenciadas, 
fins: fins, 
dicaprio: dicaprio, 
elaborar: elaborar, 
men’s: men’s, 
toujours: toujours, 
session: session, sessions, 
relation: relation, 
find: find, findet, finding, 
non-stun: non-stun, 
impact: impact, impacts, 
current: current, currently, 
giant: giant, 
provincia: provincia, 
feminista: feminista, 
securing: securing, 
merger: merger, 
plaguicidas: plaguicidas, 
penalty: penalty, 
surveyed: surveyed, 
factor: factor, factors, 
preservación: preservación, 
darwin: darwin, 
skövde: skövde, 
hit: 
gains: gains, 
mein: mein, meinen, 
domestic: domestic, 
zambia: zambia, zambians, zambia’s, 
alicia: alicia, 
feels: feels, 
fattiga: fattiga, 
preparing: preparing, 
compass: compass, 
catches: catches, 
containerfirmen: containerfirmen, 
seyed: seyed, 
kämpfen: kämpfen, 
pope’s: pope’s, 
batteries: batteries, 
geld: geld, 
common: common, 
activity: activity, 
sustainable: sustainable, 
retirada: retirada, 
river: river, rivers, river’, 
egipto: egipto, 
orca: orca, 
set: 
art: 
vino: vino, 
achieved: achieved, 
largesse: largesse, 
jade: jade, 
potent: potent, potential, 
culture: culture, cultures, 
see: 
are: 
sea: 
defensa: defensa, 
close: close, closer, 
underutilisation: underutilisation, 
2.6: 
2.5: 
organismos: organismos, 
repairs: repairs, 
einsturz: einsturz, 
expert: expert, experts, 
don’t: don’t, 
erfolg: erfolg, 
juego: juego, 
rovshan: rovshan, 
eishockey: eishockey, 
staatssekretär: staatssekretär, 
consecutivo: consecutivo, consecutive, 
crisis: crisis, 
guardian: guardian, 
periodista: periodista, 
conditions: conditions, 
résumée: résumée, 
europe: europe, europea, europeo, european, europe’s, 
soll: soll, sollen, sollst, 
latin: latin, latina, latinos, 
europa: europa, europas, 
50.000: 50.000, 
commercial: commercial, 
nashville: nashville, 
rückenwind: rückenwind, 
spray: spray, 
racisme: racisme, 
opposition: opposition, 
response: response, 
legislature: legislature, 
zugewanderter: zugewanderter, 
last: last, 
mega: mega, megaola, megalodon, megacities, mega-polluting, 
influential: influential, 
annual: annual, 
foreign: foreign, 
became: became, 
long-term: long-term, 
¿qué: ¿qué, 
whole: whole, 
daño: daño, 
baltimore: baltimore, 
beijing’s: beijing’s, 
point: point, points, 
lavik: lavik, 
loan: loan, 
maltby's: maltby's, 
lucha: lucha, luchamos, 
cierta: cierta, 
consumo: consumo, 
tennessee: tennessee, 
premios: premios, 
actriz: actriz, 
buhai: buhai, 
platinum: platinum, 
decline: decline, 
raise: raise, 
incomes: incomes, 
weißen: weißen, 
fiestas: fiestas, 
we’ve: we’ve, 
reto: reto, 
due: 
strategy: strategy, 
hospitales: hospitales, 
whom: whom, 
secret: secret, secretary, 
describes: describes, 
weißer: weißer, 
hawaii's: hawaii's, 
pi: 
inför: inför, 
pm: 
firm: firm, 
alto: alto, 
champion: champion, championing, 
conversaciones: conversaciones, 
packs: packs, 
fire: fire, fires, firearms, firecrackers, 
nra: 
gas: 
convert: convert, convertirse, 
gap: 
fund: fund, funds, funded, funding, 
biodiversity: biodiversity, biodiversité, biodiversidad, biodiversité;11, 
lives: lives, 
transición: transición, 
demand: demand, demands, 
privé: privé, 
uncertain: uncertain, uncertainty, 
look: look, looking, 
öffentliche: öffentliche, 
lood: lood, 
bill: bill, bills, billion-dollar, 
budget: budget, 
brauchte: brauchte, 
nazikeule: nazikeule, 
smart: smart, 
acuerdo: acuerdo, 
depleted: depleted, 
declarar: declarar, 
becerra: becerra, 
portugal: portugal, 
voters: voters, 
vom: 
von: 
binding: binding, 
rio: 
vow: 
vor: 
seen: seen, 
busch: busch, 
chase: chase, 
agricultores: agricultores, 
recht: recht, rechtskurve, rechtspopulist, rechts-konservativ, rechtsrock-konzert, 
italy: italy, 
choking: choking, 
acaba: acaba, acabar, 
barnes: barnes, 
belong: belong, 
5º: 
stratèges: stratèges, 
sancionador: sancionador, 
corridor: corridor, 
#compensanatura: #compensanatura, 
ruth: ruth, 
5ª: 
haitians: haitians, 
used: used, 
warum: warum, 
maps;11: maps;11, 
shorelines: shorelines, 
unbankable: unbankable, 
verlässt: verlässt, 
different: different, 
moment: moment, momento, 
feds: feds, 
user: user, 
dgt: 
koch: koch, 
brussels: brussels, 
recent: recent, recently, 
recognized: recognized, 
verweigern: verweigern, 
task: task, 
indemnización: indemnización, 
‘fashion: ‘fashion, 
halve: halve, 
analysis: analysis, 
dared: dared, 
person: person, personas, personnes, 
kelly: kelly, 
immediate: immediate, 
caye: caye, 
ldf: 
miete: miete, 
#bosquesmaduros: #bosquesmaduros, 
nuestra: nuestra, 
shape: shape, 
using: using, 
experimento: experimento, 
injuries: injuries, 
ministry: ministry, 
nuestro: nuestro, nuestros, 
cut: 
riepenhoff's: riepenhoff's, 
recipient: recipient, 
education: education, 
calor: calor, 
amt: 
source: source, sources, 
cub: 
crying: crying, 
zimbabwe's: zimbabwe's, 
guarantees: guarantees, 
excited: excited, 
ibérico: ibérico, 
customers: customers, 
australia: australia, australian, australians, 
march: march, 
marci: marci, 
emergency: emergency, 
big: 
bid: 
advocate: advocate, 
categoría: categoría, 
schlaue: schlaue, 
neonicotinoids: neonicotinoids, 
suffering: suffering, 
quest: quest, question, 
renversée: renversée, 
brüste: brüste, 
ecosystems: ecosystems, 
precipitation: precipitation, 
bis: 
formal: formal, 
traffickers: traffickers, 
kyrgyzstan: kyrgyzstan, 
schwarze: schwarze, 
success: success, successful, 
bahan: bahan, 
toyota: toyota, 
banlieues: banlieues, 
efe: 
ignore: ignore, ignores, 
continue: continue, continues, 
yields: yields, 
‘trust’: ‘trust’, 
tribes: tribes, 
essential: essential, 
incautados: incautados, 
unesco: unesco, 
google: google, 
regulación: regulación, 
bedrohen: bedrohen, 
spring: spring, 
duck: duck, 
some: some, someone, somewhere, something, sometiendo, 
back: back, backing, backward, backyard, backbench, background, back;protect, 
irreplaceable: irreplaceable, 
trends: trends, 
»;19: »;19, 
palm: palm, palma, 
pricing: pricing, 
sight: sight, 
scandal: scandal, 
estudiar: estudiar, 
gradually: gradually, 
scale: scale, 
seguidores: seguidores, 
jewelry: jewelry, 
porcentaje: porcentaje, 
pet: 
seehofer: seehofer, 
apoio: apoio, 
cabril: cabril, 
decisiones: decisiones, 
lara: lara, 
slash: slash, slashing, 
innovation: innovation, 
prof: prof, profit, profits, professionnelle, 
temple: temple, 
be: 
run: 
remembered: remembered, 
colère: colère, 
paribas: paribas, 
revolución: revolución, 
nuevo: nuevo, nuevos, 
step: step, steps, stephen, 
coordinadora: coordinadora, 
bp: 
become: become, becomes, 
mutti: mutti, 
hilbert: hilbert, 
nueva: nueva, nuevas, 
angehörige: angehörige, 
roundup: roundup, 
faith: faith, 
pipeline: pipeline, pipelines, 
veces: veces, 
oniang’o: oniang’o, 
pepsico: pepsico, pepsico’s, 
nuisent: nuisent, 
prevenir: prevenir, 
énergétique: énergétique, 
l’insertion: l’insertion, 
range: range, 
germany: germany, 
detenidos: detenidos, 
block: block, blocked, blockiert, 
inte: inte, intern, intentar, interest, internet, interés, interior, interview, interested, internship, interactive, interviewed, integration, interactions, international, internacional, internationally, 
amendment: amendment, 
cifras: cifras, 
desarrollaba: desarrollaba, desarrollará, 
podría: podría, podrían, 
compensanatura: compensanatura, 
daphne: daphne, 
appropriate: appropriate, 
contributor: contributor, 
nobel: nobel, 
resilience: resilience, 
katie: katie, 
cuarto: cuarto, 
jewellery: jewellery, 
strived: strived, 
s’atorga: s’atorga, 
pegatina: pegatina, 
net-zero: net-zero, 
vierzehn: vierzehn, 
comprometida: comprometida, 
consideramos: consideramos, 
forward: forward, 
translate: translate, 
residuos: residuos, 
draußen: draußen, 
elsewhere: elsewhere, elsewhere;find, 
jehová: jehová, 
pangolin: pangolin, 
atop: atop, 
t-shirt: t-shirt, 
boys: boys, 
limpieza: limpieza, 
reed: reed, 
pacific: pacific, 
reef: reef, reefs, 
he’s: he’s, 
russian: russian, 
calendar: calendar, 
staub: staub, 
ministerio: ministerio, 
prestigious: prestigious, 
1.5c: 1.5c, 
legacy: legacy, 
low-oxygen: low-oxygen, 
kaur: kaur, 
agonía: agonía, 
um: 
exploration: exploration, 
uk: 
aversion: aversion, 
ue: 
avaluació: avaluació, 
erstickt: erstickt, 
uber: uber, uber-auto, 
argentina's: argentina's, 
díptico: díptico, 
brettspiel-klassiker: brettspiel-klassiker, 
paciente: paciente, 
puget: puget, 
implicados: implicados, 
posibilidad: posibilidad, 
skilift: skilift, 
influence: influence, influences, 
poisoning: poisoning, 
proteger: proteger, 
warning: warning, 
curb: curb, 
fledermausbrücke: fledermausbrücke, 
doppel-rot: doppel-rot, 
conservación: conservación, 
priorité: priorité, 
eller: eller, 
peace: peace, 
fracking: fracking, 
nick: nick, 
forgo: forgo, 
recognition: recognition, 
jobrani: jobrani, 
anti-environment: anti-environment, 
polizist: polizist, 
hornachuelos: hornachuelos, 
toneladas: toneladas, 
xunta: xunta, 
ozeane: ozeane, 
temperatures: temperatures, 
donativo: donativo, 
smiley: smiley, 
eco-disaster: eco-disaster, 
prepared: prepared, 
regulations: regulations, 
insect: insect, insects, insecticidas, 
restoration: restoration, 
refrain: refrain, 
conocidos: conocidos, 
año: año, años, 
ganadera: ganadera, 
relaunch: relaunch, 
lang: lang, langton, language, 
land: land, lands, landscape, landowners, landscapes, 
tote: tote, 
trail: trail, 
capital’s: capital’s, 
age: 
vehicles: vehicles, 
festejos: festejos, 
chômage…: chômage…, 
nasa: nasa, nasa’s, 
148,000: 148,000, 
salvador: salvador, 
underrated: underrated, 
objected: objected, 
perempuan: perempuan, 
sonoma: sonoma, 
evidence: evidence, 
bvt: 
treue: treue, 
sparked: sparked, 
vertederos: vertederos, 
results: results, 
steve: steve, steven, 
go: 
numerosas: numerosas, 
14th: 14th, 
contributions: contributions, 
rutschky: rutschky, 
resulta: resulta, 
didn’t: didn’t, 
uphold: uphold, 
animal: animal, animals, animales, animalista, animalistas, 
rivalry: rivalry, 
dickman: dickman, 
perder: perder, 
breaches: breaches, 
empresas: empresas, 
¿realmente: ¿realmente, 
‘russian: ‘russian, 
charities’: charities’, 
charity: charity, 
resources: resources, 
alaska’s: alaska’s, 
cachondo: cachondo, 
zurück: zurück, 
rebukes: rebukes, 
bolossat: bolossat, 
manglares: manglares, 
miners: miners, 
wave: wave, 
seizes: seizes, 
putting: putting, 
assad: assad, 
minerals: minerals, 
orangutans: orangutans, 
assche: assche, 
announcing: announcing, 
tritt: tritt, 
anacostia: anacostia, 
eva: 
magdalena: magdalena, 
ryan: ryan, 
try: 
froxanizar: froxanizar, 
reappearing: reappearing, 
valle: valle, valley, 
bleiben: bleiben, 
trajeron: trajeron, 
leonardo: leonardo, 
sewage: sewage, 
solidarity: solidarity, 
dafür: dafür, 
pledge: pledge, 
insolvent: insolvent, 
hidrológicos: hidrológicos, 
está: está, están, 
cristianizar: cristianizar, 
jump: jump, 
video: video, 
zu: 
copenhagen: copenhagen, 
honors: honors, 
silenciosas: silenciosas, 
turisme: turisme, 
business: business, businesses, businesswoman, 
utveckling: utveckling, utvecklingsstöd, 
kris: kris, kristina, 
giving: giving, 
disponen: disponen, 
acceso: acceso, 
inútil: inútil, 
noaa—taking: noaa—taking, 
access: access, 
españa: españa, 
espagnols: espagnols, 
flowing: flowing, 
demolition: demolition, 
asociados: asociados, 
bird: bird, birds, birdlife, birdfair, bird’s, birdwatching, birdlife’s, 
body: body, 
stubble: stubble, 
caza: caza, 
led: 
froxán: froxán, 
olimpíada: olimpíada, 
f.b.i: f.b.i, 
lei: 
iniciativa: iniciativa, 
jemez: jemez, 
animamos: animamos, 
rausch: rausch, 
explore: explore, explored, 
extraña: extraña, 
let: 
sink: sink, sinkt, 
making: making, 
ley: 
sind: sind, 
extreme: extreme, 
‘most: ‘most, 
great: great, greatest, 
drops: drops, 
ingenuity: ingenuity, 
iguales: iguales, 
140m: 140m, 
receive: receive, receives, 
cero: cero, 
eesi: eesi, 
resurrect: resurrect, resurrected, 
suggests: suggests, 
galiza: galiza, 
paramos: paramos, 
toulousain: toulousain, 
clima: clima, climate, climate’, climate-friendly, 
implement: implement, 
tendue: tendue, 
bruxelles: bruxelles, 
wie: 
apple: apple, 
consejo: consejo, 
win: 
l’affaire: l’affaire, 
clara: clara, 
londres: londres, 
fracked: fracked, fracked-gas, 
refugio: refugio, 
wir: 
redd: redd, 
apply: apply, 
staple: staple, 
cloud: cloud, 
use: 
lottery: lottery, 
thirsty: thirsty, 
consumption: consumption, 
próximas: próximas, 
illegal: illegal, 
tríptico: tríptico, 
ministers: ministers, 
next: next, 
few: 
camera: camera, cameras, 
zio: 
hiding: hiding, 
optimizing: optimizing, 
parliament: parliament, parliamentary, 
innenminister: innenminister, 
microfalacias: microfalacias, 
apropiados: apropiados, 
infection: infection, 
40.000: 40.000, 
uran: uran, uranium, urantillgångar, 
actual: actual, 
iii: 
women: women, women-led, women’s, women—but, 
niegan: niegan, 
account: account, accounts, accounting, accountability, 
cheetah: cheetah, 
this: this, 
challenge: challenge, challenges, 
stations: stations, 
pour: pour, 
logrado: logrado, 
anywhere: anywhere, 
lokala: lokala, 
drill: drill, drilling, 
industrial: industrial, 
meet: meet, meets, meeting, 
rica: rica, 
sabe: sabe, saber, 
control: control, controlling, 
#tellyourpollutionstory: #tellyourpollutionstory, 
tar: 
sdgs: sdgs, 
spying: spying, 
inaccessible: inaccessible, 
tax: 
responsabilizan: responsabilizan, 
cantante: cantante, 
high: high, higher, highest, highland, highlights, high-level, high-income, high-profile, 
reserves: reserves, 
proceso: proceso, 
beslutade: beslutade, 
sociedad: sociedad, 
proxecto: proxecto, 
self-driving: self-driving, 
weaken: weaken, 
crucial: crucial, 
unsuspecting: unsuspecting, 
finales: finales, 
guru: guru, 
afd: 
seguridad: seguridad, 
stewardship: stewardship, 
bahreïn: bahreïn, 
delay: delay, delayed, 
forest: forest, forests, 
sie: 
energética: energética, 
instead: instead, 
native: native, 
‘rothschilds: ‘rothschilds, 
especial: especial, especiales, 
falta: falta, 
gentoo: gentoo, 
farm: farm, farms, farmed, farming, farmers, farmland, 
stop: stop, stopp, stopping, 
últimos: últimos, 
collection: collection, 
preocupa: preocupa, 
pacma: pacma, 
gehört: gehört, 
ties: ties, 
da: 
concession: concession, concessions, 
cpcb: cpcb, 
npr: 
angesichts: angesichts, 
reinstates: reinstates, 
concern: concern, concerns, concerned, 
light: light, lighting, 
understory: understory, 
póquer: póquer, 
initiative: initiative, initiatives, 
primera: primera, 
chief: chief, 
courage: courage, 
eurasian: eurasian, 
man-eater: man-eater, 
scrubs: scrubs, 
dragón: dragón, 
opinion: opinion, 
montana’s: montana’s, 
royaume-uni?;6: royaume-uni?;6, 
bathing: bathing, 
faustkeils: faustkeils, 
sanctioned: sanctioned, 
move: move, moves, movement, 
xornadas: xornadas, 
gigante: gigante, 
alliance: alliance, 
including: including, 
hampshire: hampshire, hampshire’s, 
khasaya: khasaya, 
philanthropies: philanthropies, 
hormonales: hormonales, 
‘oil’: ‘oil’, 
perfect: perfect, 
chemical: chemical, 
tramvia: tramvia, 
labor: labor, laboratory, 
permanent: permanent, 
autónomas: autónomas, 
minke: minke, 
tyronn: tyronn, 
dag: 
fourth: fourth, 
abbasov: abbasov, 
auto: auto, autora, autonome, 
cutting: cutting, 
‘world’s: ‘world’s, 
das: 
lanzamos: lanzamos, 
‘tiangong-1’: ‘tiangong-1’, 
day: 
liberia: liberia, 
february: february, 
ridiculous’: ridiculous’, 
máquinas: máquinas, 
university: university, 
huelga: huelga, 
trap: trap, traps, 
truth: truth, 
ponemos: ponemos, 
earned: earned, 
five-year: five-year, 
ordoñez: ordoñez, 
utilities: utilities, 
remediating: remediating, 
doing: doing, 
globe: globe, 
apologize: apologize, apologizes, 
society: society, 
sands: sands, 
apoya: apoya, 
“la: “la, 
agricultura: agricultura, agriculture, agricultural, 
spahn: spahn, 
apoyo: apoyo, apoyos, 
marley: marley, 
rekord-seilbahn: rekord-seilbahn, 
special: special, 
out: 
8-m: 
sudeste: sudeste, 
»;6: »;6, 
shrinking: shrinking, 
defend: defend, defender, defenders, defending, 
ewige: ewige, 
extenders: extenders, 
ricky: ricky, 
outings: outings, outings;responsible, 
escalate: escalate, 
activist: activist, activists, activista, 
mata: mata, matar, 
britons: britons, 
lecture: lecture, 
smog: smog, smoggy, 
we’re: we’re, 
cause: cause, caused, 
culpables: culpables, 
red: 
piggy: piggy, 
disclose: disclose, 
shut: shut, shuttered, 
tully: tully, 
exige: exige, exigen, 
long-lasting: long-lasting, 
molly: molly, 
diagonal: diagonal, 
aceite: aceite, 
completely: completely, 
kollegin: kollegin, 
york: york, yorkers, 
viejo: viejo, 
region: region, regions, regional, regional”, 
tenant: tenant, 
poisoned: poisoned, 
allies: allies, 
cane-toad: cane-toad, 
spill: spill, spills, spill–style, 
could: could, 
salvajes: salvajes, 
florida: florida, florida’s, 
keep: keep, keeps, keeping, 
conversation: conversation, 
length: length, 
produce: produce, 
uproot: uproot, 
medidas: medidas, 
restaurants: restaurants, 
austin: austin, 
south: south, southern, southeast, 
gestió: gestió, gestión, 
2000.;tras: 2000.;tras, 
¡segunda: ¡segunda, 
ihr: 
ziegler: ziegler, 
trascendentes: trascendentes, 
host–microbe: host–microbe, 
owner: owner, 
ses: 
quality: quality, 
critica: critica, critical, critically, 
co-founder: co-founder, 
sosh: sosh, 
hurricane: hurricane, hurricanes, 
dump: dump, 
festival: festival, 
unknown: unknown, 
elimina: elimina, eliminate, 
system: system, 
drogas: drogas, 
renovation: renovation, 
priority: priority, 
vagina: vagina, 
capaz: capaz, 
dominica: dominica, dominican, 
pretendió: pretendió, 
jellyfish: jellyfish, jellyfishing, 
pathogen: pathogen, 
répression: répression, 
enforcement: enforcement, 
contestation: contestation, 
gear: gear, geared, 
stress: stress, stressor, 
restringides: restringides, 
u-boot: u-boot, 
física: física, 
debemos: debemos, 
comunitari: comunitari, 
breeding: breeding, 
ibérica: ibérica, 
länder: länder, 
bei: 
colas: colas, 
reacted: reacted, 
motorizado: motorizado, 
bee: 
asean: asean, 
briefing: briefing, 
bes: 
stricter: stricter, 
providing: providing, 
spathelia: spathelia, 
cultura: cultura, cultural, 
ciudadana: ciudadana, 
1.1: 
menschen: menschen, 
autóctono: autóctono, autóctonas, 
sacrificados: sacrificados, 
clif: clif, 
caerá: caerá, 
unlikely: unlikely, 
have: have, haven, haven't, 
sen: 
need: need, needs, needed, 
5bn: 
border: border, borders, 
linked: linked, 
wolves: wolves, 
carácter: carácter, 
anlässlich: anlässlich, 
agency: agency, 
able: able, 
peligro: peligro, peligros, 
entitats: entitats, 
mix: 
véhicule: véhicule, 
d’alçada: d’alçada, 
which: which, 
mir: 
mit: 
soar: soar, 
lugar: lugar, lugares, 
agenda: agenda, 
sampsel: sampsel, 
manos: manos, 
petrol: petrol, 
collaboration: collaboration, 
who: 
jorge: jorge, 
moths: moths, 
co2: 
rigor: rigor, 
lindenbergs: lindenbergs, 
awe: 
why: 
aconseguir: aconseguir, 
lutte: lutte, 
gather: gather, gathering, 
disease: disease, disease-induced, 
anuales: anuales, 
1,000: 1,000, 1,000-year, 
ignited: ignited, 
snapshot: snapshot, 
zauberhaft: zauberhaft, 
fiasco: fiasco, 
crore: crore, 
wounded: wounded, 
ampere: ampere, 
trampa: trampa, 
painting: painting, 
scrap: scrap, 
selection: selection, selections, 
“paralizado”: “paralizado”, 
arranca: arranca, 
microplastics: microplastics, 
kontrolle: kontrolle, 
bring: bring, bringing, 
transformaciones: transformaciones, 
fear: fear, fears, fearful, 
herbicidas: herbicidas, 
debate: debate, 
ghana’s: ghana’s, 
answer: answer, 
inspiring: inspiring, 
squeeze: squeeze, 
nba-trainer: nba-trainer, 
jay: 
winner: winner, 
tiro: tiro, 
incident: incident, incidentes, 
should: should, shoulder-to-shoulder, 
betsy: betsy, betsy’s, 
bernard: bernard, 
bombings: bombings, 
libre: libre, 
fuel: fuel, fuels, fuel-funded, 
olympics: olympics, 
nuccitelli: nuccitelli, 
local: local, localidad, locally-rooted, 
hope: hope, hopeful, 
dodge: dodge, 
lobo: lobo, lobos, 
advisory: advisory, 
means: means, 
beat: beat, beatles, 
photography: photography, photographie, photographer, 
thrived: thrived, 
rush: rush, 
bear: bear, bears, 
community: community, 
futura: futura, 
tierra: tierra, 
words: words, 
områden: områden, 
leases: leases, 
cota-franco's: cota-franco's, 
evolution: evolution, 
chimpanzees: chimpanzees, 
qu: 
tobacco: tobacco, 
présente: présente, 
scientist: scientist, scientists, 
ganar: ganar, 
stuff: stuff, 
gran: gran, grant, grand, grande, granted, grandes, grandmas;delivers, 
employee: employee, 
ohio: ohio, 
generations: generations, 
spotted: spotted, 
temporarily: temporarily, 
heightens: heightens, 
reproducción: reproducción, 
catastrophic: catastrophic, 
catalogats: catalogats, 
terrain: terrain, 
accord: accord, 
canine: canine, 
edition: edition, 
korea: korea, 
disposal: disposal, 
sequía: sequía, sequías, sequía.;seo/birdlife, 
compartir: compartir, 
merino: merino, 
battery: battery, battery-powered, 
notifies: notifies, 
wird: wird, 
statt: statt, 
stats: stats, 
biofuel: biofuel, biofuels, 
nuclear: nuclear, nucleares, 
luz: 
nature: nature, nature's, 
censo: censo, 
state: state, states, state's, state’s, statement, 
caja: caja, 
lue: 
novomatic: novomatic, 
ebola: ebola, 
stories: stories, 
acció: acció, acción, 
colombian: colombian, 
brune: brune, 
industries: industries, 
vorlesungen: vorlesungen, 
frente: frente, 
murieron: murieron, 
bierhoff: bierhoff, 
efficiency: efficiency, 
kavous: kavous, 
ende: ende, 
key: 
parque: parque, 
rooftop: rooftop, rooftop-solar, 
sparen: sparen, 
berghain: berghain, 
david: david, 
argentina’s: argentina’s, 
ciutadanes: ciutadanes, 
ett: 
admin: admin, administrator, administration, administración, administration's, administration’s, 
taking: taking, 
feinde: feinde, 
attributed: attributed, 
conseguir: conseguir, 
proyecto: proyecto, proyectos, 
sencillo: sencillo, 
comment: comment, 
mechanics: mechanics, 
storm’: storm’, 
proposta: proposta, 
cm: 
wall: wall, walls, 
invasive: invasive, 
glaciers’: glaciers’, 
vehículos: vehículos, 
disarmament: disarmament, 
erschossen: erschossen, 
carbon: carbon, 
disturbing: disturbing, 
respect: respect, 
li: 
undergraduate: undergraduate, 
klare: klare, 
forms: forms, 
accomplishing: accomplishing, accomplishments, 
jaiswal: jaiswal, 
it's: it's, 
ausgespäht: ausgespäht, 
bumblebee: bumblebee, 
cent: cent, centre, centro, center, central, century, centrales, centennial, centre’s, centrifugándolo, 
migrate: migrate, 
kabwe: kabwe, 
treat: treat, 
hawking: hawking, hawking’s, 
suspicion: suspicion, 
hottest: hottest, 
waste: waste, 
louisiana: louisiana, louisiana’s, 
ständig: ständig, 
chandigarh: chandigarh, 
boeve: boeve, 
wurde: wurde, 
kickl: kickl, 
meghann: meghann, 
bulk: bulk, 
volcán: volcán, 
sausages: sausages, 
deep: deep, 
angles: angles, 
present: present, presenta, presente, presentada, presenterar, presenterades, 
narmada: narmada, 
elefanta: elefanta, 
creuse: creuse, 
welcoming: welcoming, 
necesario: necesario, 
plain: plain, plains, 
tödlicher: tödlicher, tödlichen, 
números: números, 
value: value, values, 
choices: choices, 
will: will, willing, 
stunning: stunning, 
exóticos: exóticos, 
texas: texas, 
owns: owns, 
wild: wild, wildfire, wildlife, 
revisited: revisited, 
supply: supply, 
va: 
kuczynski: kuczynski, 
2016-2017: 2016-2017, 
entornos: entornos, 
vi: 
site: site, sites, 
‘data’: ‘data’, 
pesca: pesca, pescado, 
salyan: salyan, 
vs: 
conserve: conserve, 
brindan: brindan, 
campament: campament, 
denial: denial, 
juan: juan, 
radiation: radiation, 
unite: unite, united, 
member: member, members, 
un-american: un-american, 
largest: largest, 
dieta: dieta, dietas, 
gets: gets, 
bali: bali, 
operación: operación, 
zorro: zorro, 
drink: drink, drinking, 
effect: effect, effects, 
indo-gangetic: indo-gangetic, 
newman’s: newman’s, 
assessing: assessing, 
student: student, students, 
dust: dust, 
whale: whale, whales, 
indigenous: indigenous, 
expand: expand, expanding, 
diabetes: diabetes, 
audit: audit, 
wagensberg: wagensberg, 
9:45: 9:45, 
indonesia: indonesia, indonesian, indonesia’s, 
thought: thought, 
patterns: patterns, 
welt: welt, weltfrauentag, weltfrauentags, 
opfer: opfer, 
oft: 
english: english, 
taliban: taliban, 
muscle: muscle, 
aquifers: aquifers, 
restore: restore, 
stores: stores, 
sofia: sofia, 
wagner: wagner, 
fy19: fy19, 
packham: packham, 
asociaciones: asociaciones, 
web: 
generous: generous, 
rapid: rapid, 
vida: vida, vidareutvecklas, 
guts: guts, 
lake: lake, lakes, 
capabilities: capabilities, 
nacional: nacional, 
kunden: kunden, 
book: book, books, 
ska: 
citizen: citizen, citizenship, 
ski: 
match: match, matches, 
details: details, 
podrien: podrien, 
amb: 
recycling: recycling, 
fate: fate, 
articles: articles, 
especular: especular, 
utah: utah, 
colaboración: colaboración, 
historia: historia, 
historic: historic, historically, 
valladolid: valladolid, 
know: know, known, knowledge, 
burden: burden, burden’s, 
rajasthan: rajasthan, 
press: press, presstödet, 
#bañosdebosque: #bañosdebosque, 
recurs: recurs, 
taucher: taucher, 
englisch-test: englisch-test, 
lost: lost, 
idónea: idónea, 
vibrant: vibrant, 
liebe: liebe, 
hygiene: hygiene, 
taxpayers: taxpayers, 
reckless: reckless, 
heed: heed, 
lose: lose, 
chick: chick, 
ozono: ozono, 
adversity: adversity, 
opioid: opioid, 
awash: awash, 
habitat: habitat, habitats, 
galegos: galegos, 
otras: otras, 
footage: footage, 
alive: alive, 
sognefjord: sognefjord, 
export: export, exports, 
home: home, homes, 
motivo: motivo, 
reglas: reglas, 
transport: transport, transporte, transportation, 
aren’t: aren’t, 
feijoo: feijoo, 
lead: lead, leads, leader, leaders, leading, lead’s, leadership, 
ganadería: ganadería, 
almassora: almassora, 
leak: leak, 
avoid: avoid, 
bunnies: bunnies, 
lean: lean, 
mines: mines, 
fedex: fedex, 
does: does, doesn’t, 
keystone: keystone, 
eso: 
solicita: solicita, solicitado, 
chains: chains, 
crocuses: crocuses, 
convirtió: convirtió, 
journal: journal, journalists, journalistik, 
nido: nido, nidos, 
expansion: expansion, 
svagt: svagt, 
“baseless”: “baseless”, 
refuge: refuge, 
panel: panel, paneles, 
bvb-trainer: bvb-trainer, 
invaders: invaders, 
rare: rare, 
asks: asks, 
getting: getting, 
protegidos: protegidos, 
ecological: ecological, 
shipping: shipping, 
that’s: that’s, 
actuar: actuar, 
persuaded: persuaded, 
own: 
previously: previously, 
éxito: éxito, 
machen: machen, 
obtener: obtener, 
cocoa: cocoa, 
tackle: tackle, 
luna: luna, 
weather: weather, weatherill, 
promise: promise, promises, 
eine: eine, einen, einer, eines, 
1.500: 1.500, 
termina: termina, terminals, 
congreso: congreso, 
utility: utility, 
sander: sander, 
van: 
friends: friends, 
entidades: entidades, 
themar: themar, 
2050”: 2050”, 
spread: spread, 
mitigation: mitigation, 
físico: físico, 
biggest: biggest, 
kitas: kitas, 
formed: formed, 
inspiration: inspiration, 
muerte: muerte, 
ivory: ivory, 
buy: 
north: north, northern, northwest, north-central, 
cepf-funded: cepf-funded, 
norte: norte, 
hazardous: hazardous, 
regadío: regadío, 
grischuk: grischuk, 
extended: extended, 
blaming: blaming, 
construction: construction, 
goals: goals, 
echten: echten, 
fluviales: fluviales, 
ha: 
eat: 
witness: witness, 
posible: posible, 
count: count, country, counted, countries, country’s, 
made: made, 
deficiency: deficiency, 
dangerous: dangerous, 
350.org: 350.org, 
record: record, records, recording, record-low, record-breaking, 
cruel: cruel, 
hållbar: hållbar, 
datos: datos, 
ruling: ruling, 
katherine: katherine, 
sauvée: sauvée, 
problem: problem, problema, 
skripal: skripal, 
plaies: plaies, 
gesellschaft: gesellschaft, 
supreme: supreme, 
läutet: läutet, 
roulant: roulant, 
periodo: periodo, 
välkomnas: välkomnas, 
cdu-spitzenrunde: cdu-spitzenrunde, 
inmigrantes: inmigrantes, 
entrada: entrada, 
plébiscite;15: plébiscite;15, 
inc: 
motores: motores, 
beschwert: beschwert, 
incredible: incredible, 
percent: percent, 
other: other, 
sich: sich, 
long-time: long-time, 
instruccion: instruccion, 
hippopotamus: hippopotamus, 
acidification: acidification, 
dropout: dropout, 
outlines: outlines, 
repeat: repeat, 
star: star, start, stark, starts, started, starting, 
monday: monday, 
emerges: emerges, 
russland: russland, russland-dilemma, 
ejercicio: ejercicio, 
pesquero: pesquero, 
stay: stay, 
municipalismo: municipalismo, 
chance: chance, 
‘so-called: ‘so-called, 
millones: millones, 
spiele: spiele, 
dolphins: dolphins, 
reclamo: reclamo, 
ranks: ranks, 
resolution: resolution, 
baker: baker, 
jellybiologist.com: jellybiologist.com, 
rule: rule, ruler, ruled, rules, 
transformé: transformé, 
rural: rural, 
renueva: renueva, 
