"Source Url","Headlines"
"http://www.earthshare.org/news-and-media.html","Winter Sports Under Threat in a Changing Climate"
"http://www.earthshare.org/news-and-media.html","Local Food Boosts Health, Creates Jobs"
"http://www.earthshare.org/news-and-media.html","China Bans Ivory Sales to Save Elephants"
"http://www.earthshare.org/news-and-media.html","8 Eco-Friendly Renovation Tips"
"http://www.earthshare.org/news-and-media.html","NYC Elementary Students Tell City to Ban Toxic Pesticides"
"http://www.earthshare.org/news-and-media.html","Your City Can Go Straw-Free Like Seattle"
"http://www.earthshare.org/news-and-media.html","11 Tips for Keeping Birds Safe from Cats"
"http://www.earthshare.org/news-and-media.html","How Mars is Taking Action on Climate (and How Your Company Can, Too!)"
"http://www.earthshare.org/news-and-media.html","In the Wake of Harvey and Irma, 10 Facts about Floods"
"http://www.earthshare.org/news-and-media.html","Drawdown Gives Us 100 Uplifting Climate Solutions"
"http://www.earthshare.org/news-and-media.html","Fight Energy Waste from Your Phone"
"http://www.earthshare.org/news-and-media.html","10 Simple Steps to Save Bees"
"http://www.earthshare.org/news-and-media.html","Shirin-Yoku: Why Forest Bathing Became a Global Health Phenomenon"
"http://www.earthshare.org/news-and-media.html","Are You Still In? Americans Commit to Uphold the Paris Agreement"
"http://www.earthshare.org/news-and-media.html","The Environmental Price of the Border Wall"
"http://www.earthshare.org/news-and-media.html","Businesses Tell Congress: Act on Climate!"
"http://www.earthshare.org/news-and-media.html","Zero Waste Q&A with Jen Dickman"
"http://www.earthshare.org/news-and-media.html","2017 Summit on Employee Engagement in Corporate Citizenship"
"http://www.earthshare.org/news-and-media.html","Announcing the EarthShare Corporate Alliance"
"http://www.earthshare.org/news-and-media.html","Defending Science with Dr. Gretchen Goldman"
"http://www.earthshare.org/news-and-media.html","Earth Month Roundup 2017"
"http://www.earthshare.org/news-and-media.html","10 Tips to Clear the Clutter"
"http://www.earthshare.org/news-and-media.html","Getting Companies to Act on Foam Pollution"
"http://www.earthshare.org/news-and-media.html","Beyond Voting: How to Be a Super Citizen"
"http://www.earthshare.org/news-and-media.html","Top 30 Environmental News Sources"
"http://www.earthshare.org/news-and-media.html","Getting Congress to Care: Q&A with Carol Werner"
"http://www.earthshare.org/news-and-media.html","Top 5 EarthShare Posts of 2016"
"http://www.earthshare.org/news-and-media.html","EarthShare Member Accomplishments 2016"
"http://www.earthshare.org/news-and-media.html","The Story of Standing Rock"
"http://www.earthshare.org/news-and-media.html","Good Jobs in the Climate-Friendly Economy"
"http://www.earthshare.org/news-and-media.html","7 Tips to Fight Plastic Pollution"
"http://www.earthshare.org/news-and-media.html","Global Movement Fights Plastic Pollution"
"http://www.earthshare.org/news-and-media.html","Building Stronger Communities Can Start with your Bank Account"
"http://www.earthshare.org/news-and-media.html","Portland Kids Win Safe Routes to School"
"http://www.earthshare.org/news-and-media.html","A Heroic Osprey Rescue"
"http://www.earthshare.org/news-and-media.html","A Fascination for Raptors"
"http://www.earthshare.org/news-and-media.html","Cross-Country by Rail in Photos"
"http://www.earthshare.org/news-and-media.html","Fixing America's Transportation System with EESI"
"http://www.earthshare.org/news-and-media.html","Saving Animals from Cruel Captivity"
"http://www.earthshare.org/news-and-media.html","Giant Meal Highlights Food Waste Solutions"
"http://www.earthshare.org/news-and-media.html","How You Can Save the Bees"
"http://www.earthshare.org/news-and-media.html","Marci Reed Recognized for Contributions to Environmental Engagement and Giving"
"http://www.earthshare.org/news-and-media.html","EarthShare Honors National Parks Centennial"
"http://www.earthshare.org/news-and-media.html","A Big Plan to Fight Food Waste"
"http://www.earthshare.org/news-and-media.html","Q&A with River Commuter and Advocate Gabe Horchler"
"http://www.earthshare.org/news-and-media.html","2016 Anacostia River Cleanup"
"http://www.earthshare.org/news-and-media.html","Fixing Climate Education"
"http://www.earthshare.org/news-and-media.html","A Solution for Plastic Pollution in NYC"
"http://www.earthshare.org/news-and-media.html","Save the Black Rhino"
"http://www.earthshare.org/news-and-media.html","The Human Right to Safe Water in Flint"
"http://www.earthshare.org/news-and-media.html","Protecting the Waters of the Caribbean"
"http://www.earthshare.org/news-and-media.html","Saving Incomes, Saving Forests"
"http://www.earthshare.org/news-and-media.html","Helping a Rainforest in Need"
"http://www.earthshare.org/news-and-media.html","A Conservation Superhero"
"http://www.earthshare.org/news-and-media.html","Monkeys and Wolves Make a Last Stand Together"
"http://www.earthshare.org/news-and-media.html","Preserving History at Pullman"
"http://www.earthshare.org/news-and-media.html","Schoolyard Wildlife Habitat Gives Hope"
"http://www.earthshare.org/news-and-media.html","Securing Clean Water for DC"
"http://www.earthshare.org/news-and-media.html","EarthShare Member Accomplishments 2015"
"http://www.earthshare.org/news-and-media.html","Join Team EarthShare: Make One Gift"
"http://www.earthshare.org/news-and-media.html","Supporting Family Farmers with American Farmland Trust"
"http://www.earthshare.org/news-and-media.html","Turning Sewage into Electricity in Washington, DC"
"http://www.earthshare.org/news-and-media.html","6 Facts About Net-Zero Buildings"
"http://www.earthshare.org/news-and-media.html","Trick or treat, bats bring us lots to eat!"
"http://www.earthshare.org/news-and-media.html","8 Ways to Celebrate Climate Week"
"http://www.earthshare.org/news-and-media.html","A 30-Year Quest for Trash-Free Seas"
"http://www.earthshare.org/news-and-media.html","3 Reasons Your Farmers Market Rocks"
"http://www.earthshare.org/news-and-media.html","5 New American Rail-Trails"
"http://www.earthshare.org/news-and-media.html","Why Urban Parks Matter"
"http://www.earthshare.org/news-and-media.html","The Electric Utility Revolution"
"http://www.earthshare.org/news-and-media.html","Costa Rica: A Model for Sustainability"
"http://www.earthshare.org/news-and-media.html","Valuing Nature's Services"
"http://www.earthshare.org/news-and-media.html","EarthShare Fellowship Winner Announced"
"http://www.earthshare.org/news-and-media.html","Five Cities Growing Sustainable Transportation"
"http://www.earthshare.org/news-and-media.html","Top 10 Benefits of Wetlands"
"http://www.earthshare.org/news-and-media.html","NASA’s Big Picture on Climate Change"
"http://www.earthshare.org/news-and-media.html","Teens Lead on Climate with ACE"
"http://www.earthshare.org/news-and-media.html","The Climate Change Threat to Birds"
"http://www.earthshare.org/news-and-media.html","Five Ways to Join Global Divestment Day"
"http://www.earthshare.org/news-and-media.html","How to Save Big on Solar"
"http://www.earthshare.org/news-and-media.html","Cocoa and Courage in Côte d’Ivoire"
"http://www.earthshare.org/news-and-media.html","EarthShare Member Accomplishments 2014"
"http://www.earthshare.org/news-and-media.html","Saving the Galapagos: One Giant Tortoise at a Time"
"http://www.earthshare.org/news-and-media.html","Preparing Vets For The Green Economy"
"http://www.earthshare.org/news-and-media.html","Five Facts About GMOs"
"http://www.earthshare.org/news-and-media.html","Coastal Restoration Summit Comes to Washington DC"
"http://www.earthshare.org/news-and-media.html","Offering Wounded Warriors a Day in Nature"
"http://www.earthshare.org/news-and-media.html","Why I March for the Climate"
"http://www.earthshare.org/news-and-media.html","Using Drones for Conservation in Belize"
"http://www.earthshare.org/news-and-media.html","Creating Healthy Environments for Kids"
"http://www.earthshare.org/news-and-media.html","Five Ways to Incorporate Nature in the Workplace"
"http://www.earthshare.org/news-and-media.html","Growing Jobs in the Clean Economy"
"http://www.earthshare.org/news-and-media.html","Using Traditional Ecological Knowledge to Adapt to Climate Change"
"http://www.earthshare.org/news-and-media.html","EarthShare Fellowship"
"http://www.earthshare.org/news-and-media.html","Shipping Trouble: The Growth in US Fossil Fuel Exports"
"http://www.earthshare.org/news-and-media.html","Green Corps' Environmental Heroes"
"http://www.earthshare.org/news-and-media.html","Making Informed Food Choices With PANNA"
"http://www.earthshare.org/news-and-media.html","Knowledge is Power: Using Open Data to Fight Pollution"
"http://www.earthshare.org/news-and-media.html","Neighbors Buy Solar in Bulk and Save"
"http://www.earthshare.org/news-and-media.html","Ensuring Healthy Beaches on World Oceans Day"
