"Source Url","News"
"https://www.worldwildlife.org/press-releases","Half of plant and animal species at risk from climate change in world’s most important natural places"
"https://www.worldwildlife.org/press-releases","La vida silvestre en un mundo más cálido: los efectos del cambio climático en la biodiversidad"
"https://www.worldwildlife.org/press-releases","Leading Tech Companies Unite to Stop Online Wildlife Traffickers"
"https://www.worldwildlife.org/press-releases","Artist Zio Ziegler and WWF Debut Tiger T-shirt on World Wildlife Day"
"https://www.worldwildlife.org/press-releases","New Study Shows Over a Third of Protected Areas Surveyed are Severely at Risk of Losing Tigers"
"https://www.worldwildlife.org/press-releases","""Whale Cam"" Attached to Minke in a World-first"
"https://www.worldwildlife.org/press-releases","WWF Statement On Bridgestone's Global Sustainable Procurement Policy"
"https://www.worldwildlife.org/press-releases","WWF Statement on the FY19 Presidential Budget Proposal"
"https://www.worldwildlife.org/press-releases","WWF Statement on Hong Kong's Move to Ban Ivory Trade"
"https://www.worldwildlife.org/press-releases","WWF Statement on the State of the Union Address"
"https://www.worldwildlife.org/press-releases","2017 Ranks Among Three Warmest Years Ever"
"https://www.worldwildlife.org/press-releases","Preparing for a Warming World: 2017's Scorching Temperatures and Billion-Dollar Disasters"
"https://www.worldwildlife.org/press-releases","WWF Statement on Proposed Arctic Offshore Drilling Leases"
