"Source Url","Unnamed_Field_001"
"https://www.ran.org/","Skip to Main Content"
"https://www.ran.org/","Get informed"
"https://www.ran.org/","Beyond Paper Promises"
"https://www.ran.org/","Out of Fashion"
"https://www.ran.org/","Conflict Palm Oil"
"https://www.ran.org/","Responsible Food Systems"
"https://www.ran.org/","Leuser Ecosystem"
"https://www.ran.org/","Forests and Finance"
"https://www.ran.org/","RAN Japan"
"https://www.ran.org/","Stand with Women Warriors"
"https://www.ran.org/","No more rainforest destruction for Tokyo 2020 Olympics"
"https://www.ran.org/","Sign the Petition: Protect Critical Rainforests Now!"
"https://www.ran.org/","Tell PepsiCo: No Exploitation for Snack Food"
"https://www.ran.org/","The Human Cost of Conflict Palm Oil Revisited"
"https://www.ran.org/","PepsiCo: Profits Over People and Planet"
"https://www.ran.org/","Every Investor Has A Responsibility [English]"
"https://www.ran.org/","Take action"
"https://www.ran.org/","Unbankable Coal"
"https://www.ran.org/","Stopping the KXL Pipeline"
"https://www.ran.org/","Banks and Climate"
"https://www.ran.org/","Climate Action Fund"
"https://www.ran.org/","Fracked-Gas Terminals"
"https://www.ran.org/","JPMorgan Chase Out of Tar Sands"
"https://www.ran.org/","Tell Jamie Dimon, the CEO of JPMorgan Chase: #DefundTarSands"
"https://www.ran.org/","Tell BNP Paribas: No Fracked-Gas Projects in the Rio Grande Valley!"
"https://www.ran.org/","The Trump pipeline agenda: Are you ready to take action?"
"https://www.ran.org/","Tell Banks: No Fracked Gas Dirty Deal in the Rio Grande Valley"
"https://www.ran.org/","Funding Tar Sands: Private Banks vs. the Paris Agreement"
"https://www.ran.org/","Banks High Carbon Hidden Risks"
"https://www.ran.org/","Banking on Climate Change 2017"
"https://www.ran.org/","Protect An Acre"
"https://www.ran.org/","Apply to Protect An Acre"
"https://www.ran.org/","Climate Action Fund"
"https://www.ran.org/","Apply to Climate Action Fund"
"https://www.ran.org/","RAN and Racial Justice"
"https://www.ran.org/","Anti-Oppression Principles"
"https://www.ran.org/","Partner Guidelines"
"https://www.ran.org/","Jemez Principles"
"https://www.ran.org/","The Understory Blog"
"https://www.ran.org/","Media Center"
"https://www.ran.org/","Reports"
"https://www.ran.org/","New Alliance Forms to Defend Traditional Territories in the Amazon"
"https://www.ran.org/","PepsiCo’s Pet Projects No Solution for Conflict Palm Oil Problem"
"https://www.ran.org/","10 Ways Trump Has Waged War On The Climate, The Environment and Life As We Know It"
"https://www.ran.org/","The Year in Conflict Palm Oil, 2017"
"https://www.ran.org/","Press Releases"
"https://www.ran.org/","RAN in the news"
"https://www.ran.org/","RAN Annual Report 2016-2017"
"https://www.ran.org/","Funding Tar Sands: Private Banks vs. the Paris Agreement"
"https://www.ran.org/","Banks High Carbon Hidden Risks"
"https://www.ran.org/","The Human Cost of Conflict Palm Oil Revisited"
"https://www.ran.org/","Every Investor Has A Responsibility [English]"
"https://www.ran.org/","Banking on Climate Change 2017"
"https://www.ran.org/","Take action"
"https://www.ran.org/","Volunteer"
"https://www.ran.org/","Jobs"
"https://www.ran.org/","Special Events"
"https://www.ran.org/","Monthly Giving"
"https://www.ran.org/","Protect An Acre"
"https://www.ran.org/","Membership"
"https://www.ran.org/","Donor Services"
"https://www.ran.org/","Mission and Values"
"https://www.ran.org/","How We Win"
"https://www.ran.org/","The RAN Strategy"
"https://www.ran.org/","Staff"
"https://www.ran.org/","Jobs"
"https://www.ran.org/","Benefits"
"https://www.ran.org/","Board of Directors"
"https://www.ran.org/","Financial and Annual Reports"
"https://www.ran.org/","Contact"
"https://www.ran.org/","Mission and Values"
"https://www.ran.org/","Staff"
"https://www.ran.org/","Board of Directors"
"https://www.ran.org/","Contact"
"https://www.ran.org/","Financial and Annual Reports"
"https://www.ran.org/","Media Center"
"https://www.ran.org/","Donor Services"
"https://www.ran.org/","Special Events"
"https://www.ran.org/","Privacy Policy"
"https://www.ran.org/","Anti-oppression Principles"
"https://www.ran.org/","Non-violence Statement"
"https://www.ran.org/","Financial Statement"
"https://www.ran.org/","Terms and Conditions"
"https://www.ran.org/","Jobs"
"https://www.ran.org/","Ways to Give"
